CREATE DATABASE  IF NOT EXISTS `dirprojectdb` /*!40100 DEFAULT CHARACTER SET utf8 */;
USE `dirprojectdb`;
-- MySQL dump 10.13  Distrib 5.6.17, for Win32 (x86)
--
-- Host: 127.0.0.1    Database: dirprojectdb
-- ------------------------------------------------------
-- Server version	5.7.17-log

/*!40101 SET @OLD_CHARACTER_SET_CLIENT=@@CHARACTER_SET_CLIENT */;
/*!40101 SET @OLD_CHARACTER_SET_RESULTS=@@CHARACTER_SET_RESULTS */;
/*!40101 SET @OLD_COLLATION_CONNECTION=@@COLLATION_CONNECTION */;
/*!40101 SET NAMES utf8 */;
/*!40103 SET @OLD_TIME_ZONE=@@TIME_ZONE */;
/*!40103 SET TIME_ZONE='+00:00' */;
/*!40014 SET @OLD_UNIQUE_CHECKS=@@UNIQUE_CHECKS, UNIQUE_CHECKS=0 */;
/*!40014 SET @OLD_FOREIGN_KEY_CHECKS=@@FOREIGN_KEY_CHECKS, FOREIGN_KEY_CHECKS=0 */;
/*!40101 SET @OLD_SQL_MODE=@@SQL_MODE, SQL_MODE='NO_AUTO_VALUE_ON_ZERO' */;
/*!40111 SET @OLD_SQL_NOTES=@@SQL_NOTES, SQL_NOTES=0 */;

--
-- Table structure for table `acta`
--

DROP TABLE IF EXISTS `acta`;
/*!40101 SET @saved_cs_client     = @@character_set_client */;
/*!40101 SET character_set_client = utf8 */;
CREATE TABLE `acta` (
  `id_acta` int(11) NOT NULL AUTO_INCREMENT,
  `id_contrato_proceso_seleccion_item` int(11) DEFAULT NULL,
  `acta_descripcion` text,
  `fecha_acta` date DEFAULT NULL,
  `detalle_acta` text,
  `motivo_generado` text,
  `usuario` varchar(300) DEFAULT NULL,
  `fecha_registro` datetime DEFAULT NULL,
  `fecha_ultima_modificacion` datetime DEFAULT NULL,
  `activo` bit(1) DEFAULT b'1',
  PRIMARY KEY (`id_acta`),
  KEY `fk_acta_cpsi_idx` (`id_contrato_proceso_seleccion_item`),
  CONSTRAINT `fk_acta_cpsi` FOREIGN KEY (`id_contrato_proceso_seleccion_item`) REFERENCES `contrato_proceso_seleccion_item` (`id_contrato_proceso_seleccion_item`) ON DELETE NO ACTION ON UPDATE NO ACTION
) ENGINE=InnoDB AUTO_INCREMENT=41 DEFAULT CHARSET=utf8;
/*!40101 SET character_set_client = @saved_cs_client */;

--
-- Dumping data for table `acta`
--

LOCK TABLES `acta` WRITE;
/*!40000 ALTER TABLE `acta` DISABLE KEYS */;
INSERT INTO `acta` VALUES (1,4,'Acta de Pliego de Observaciones y Defectos de Obra.','2017-01-20','Observaciones Generales: en distintos ambientes de los Bloques: A, B, D, E, F y N.','Listado de Observaciones y Defectos de Obra encontrados durante el Acto de Constatación y Verificación de la Obra Ejecutada.','admin','2017-11-30 21:50:03',NULL,''),(2,4,'Acta de Recepción de Obra.','2017-02-24','Constatación y Verificación del Levantamiento del Pliego de Observaciones. Ver Informe Técnico N° 001-2017-ITP/CRO-RE001-2017-ITP/DE del 02.02.2017.','Recepción de obra ejecutada.','admin','2017-11-30 21:51:04',NULL,''),(3,5,'Acta de Engtrega de terreno.','2017-03-31','El Contratista recibe la zona de obra a satisfacción y plena conformidad.','Entrega de terreno. Borrar solo este texto.','admin','2017-11-30 21:52:04','2018-01-11 10:34:29',''),(4,8,'ACTA DE ENTREGA DE TERRENO','2015-01-10','Entrega de terreno','En la zona de obras, ubicada en el Campamento San José U.C. N° Sector III (Parte), Distrito de Virú, Provincia de Virú, Departamento de La Libertad, siendo las 12:00 horas del día 10/11/2015.','admin','2017-12-02 06:24:33',NULL,''),(5,8,'ACTA DE RECEPCION DE OBRA','2016-06-20','Recepción de Obra','En función a la comunicación del Supervisor, Ing. Víctor Pretel Sánchez, quien mediante Carta N° 009-2016/SUPERVISION DE OBRA-PSVA de fecha 14/06/2016 sustenta y ratifica el real término de ejecución de la Obra con fecha 11/06/2016 conforme a lo anotado en el Asiento N° 131 del Cuaderno de Obra; en virtud a ello, luego de realizar el recorrido por la Obra, se ha constatado lo siguiente:\nEl Comité verifica que se ha concluido con la ejecución de la Obra conforme a lo indicado por el Supervisor en el Asiento N° 131 del Cuaderno de Obra; por lo tanto se RECEPCIONA LA OBRA sin eximir al Contratista de la responsabilidad por los vicios ocultos que se pudieran presentar posterior a la recepción de la misma.','admin','2017-12-02 06:27:00',NULL,''),(6,10,'ACTA DE ENTREGA DE TERRENO','2016-03-18','Entrega de terreno','En el Predio Rural denominado \"Estación Pesquera Ahuashiyacu\", ubicado en la margen izquierda de la quebrada de Ahuashiyacu, desvío a 3.3 km de la Carretera Fernando Belaunde Terry tramo Tarapoto - Juanjuí y a 2.3 km adentro de la Carretera afirmada que va al Caserío de Bello Horizonte, Sector Ahuashiyacu, Distrito de la Banda de Shilcayo, Provincia y Región San Martín, a las 11:00 horas del día 18/032016','admin','2017-12-02 12:16:43',NULL,''),(7,10,'ACTA DE PLIEGO DE OBSERVACIONES Y DEFECTOS DE OBRA','2017-07-12','Observaciones a la Obra','Con fecha 12/07/2017 se firmó el Acta de Pliego de Observaciones y Defectos de Obra, entre los miembros del Comité de Recepción de Obra nombrada con Resolución Ejecutiva N° 090-2017-ITP/DE.','admin','2017-12-02 12:17:08',NULL,''),(8,10,'ACTA DE RECEPCION DE OBRA','2017-09-01','Recepción de Obra','El día 01/09/2017 se firmó el acta de Recepción de Obra entre los miembros del Comité de Recepción y los miembros de la empresa Contratista.','admin','2017-12-02 12:17:32',NULL,''),(9,12,'ACTA DE ENTREGA DE TERRENO','2016-01-22','Entrega de terreno\n','En la zona de obras, ubicada en el distrito de Ventanilla, provincia de Callao, region Callao, siendo las 12:30 horas del día 22/01/2016.\n','admin','2017-12-04 02:42:43',NULL,''),(10,12,'ACTA DE OBSERVACIONES','2016-07-27','Observaciones y defecto  de obra\n','Siendo las 18 :00 horas del 27/07/2016, se dio por terminada la diligencia en la cual el contratista debera subsanar las observaciones detectadas dentro del plazo establecido.\n','admin','2017-12-04 02:43:05',NULL,''),(11,12,'ACTA DE RECEPCION DE OBRA','2016-08-25','Recepción de Obra\n','Siendo las 18 :00 horas del 25/08/2016, se dio por terminada la recepcion de la obra. En señal de conformidad, suscrible los miembros del comite de recepcion de obra y los represantantes del contratista.\n','admin','2017-12-04 02:43:26',NULL,''),(12,13,'Acta de Entrega de Terreno','2015-11-10','Luego de realizada la inspección ocular de las áreas materia del contrato, el contratista recibe la zona de obras a satisfacción y plena conformidad.\n','','admin','2017-12-04 10:12:32',NULL,''),(13,15,'Acta de Entrega de Terreno','2016-02-22','Luego de realizada la inspección ocular de las áreas materia del contrato, el contratista recibe la zona de obras a satisfacción y plena conformidad.\n','','admin','2017-12-04 11:02:30',NULL,''),(14,15,'Acta de Acuerdos','2016-12-19','Paralizar la ejecución de la obra, hasta que se resuelvan los motivos o consideraciones expuestas, el cual no deberá superar 30 días calendarios computados a partir del día siguiente de la suscripción de la presente.          El Contratista se obliga a cumplir lo dispuesto por la Resolución ejecutiva N°238-2016-ITP/DE.\n','','admin','2017-12-04 11:02:50',NULL,''),(15,15,'Acta de Acuerdos','2017-03-17','Paralizar la ejecución de la obra, del 19 de Enero al 29 de Marzo de 2017 o hasta la notificación del pronunciamiento de la Entidad respecto de la Prestación Adicional de Obra N°01, lo que ocurre último.          El Contratista se obliga a cumplir lo dispuesto por la Resolución ejecutiva N°238-2016-ITP/DE y la Resolución de Secretaría General N° 020-2017-ITP/SG.\n','','admin','2017-12-04 11:03:06',NULL,''),(16,15,'Acta de Recepción de obra con observaciones.','2017-08-18','El Comité de Recepción de Obra en uso de sus atribuciones procedió a la constatación y verificación de la obra ejecutada, encontrándose observaciones, las que se indican en el Pliego de Observaciones y Defectos de Obra, las mismas que serán subsanadas por el contratista\n','','admin','2017-12-04 11:03:32',NULL,''),(17,15,'Acta de Recepción de obra.','2017-10-06','El Comité de Recepción de Obra procedió a la constatación y verificación de la subsanación de observaciones ejecutadas por el contratista, RECEPCIONANDO la Obra, sin eximir al contratista de la responsabilidad por los vicios ocultos que se pudieran presentar posterior a la recpción de la Obra. La Ing. Rosario Carmen Delgado Granados, se negó a firmar el acta mencionando que la observación 149 de su especialidad (Instalaciones Sanitarias) no ha sido implementada.','','admin','2017-12-04 11:03:50',NULL,''),(18,17,'ACTA DE ENTREGA DE TERRENO','2015-10-28','Luego e realizar la inspecion ocular de las areas materia del contacto,  el contratista recibe la zona de obras a satisfaccion y plena conformidad.','','admin','2017-12-06 11:00:01',NULL,''),(19,19,'Acta de Entrega de Terreno','2016-01-07','Entrega de Terreno.','En la zona de obras, ubicada en Mz F Lote 03 Zona Río Seco, Primera Etapa, Distrito de Cerro Colorado, Provincia y Departamento de Arequipa.','admin','2017-12-06 11:59:11',NULL,''),(20,19,'Acta de Recepción de Obra','2016-06-21','Recepción de obra ejecutada','En función a la Carta N° 021-2016-ITP/CONSORCIO LIBRA/ADS 027-2015-ITP, el Ing. Edwin Eusebio Pinto Ríos, Jefe de Supervisión del Consorcio Libra, sustenta y ratifica la culminación de la Obra mediante Asiento N° 119 del Cuaderno de Obra en respuesta al Asiento N° 118 de fecha 24/05/2016 donde el Residente de Obra anora que se ha terminado con ejecutar la Obra a su cargo; en consecuencia, luego de realizar el recorrido por laa Obra, se ha constatado que la Obra se encuentra CULMINADA conforme los planos y Especificaciones Técnicas.','admin','2017-12-06 11:59:47',NULL,''),(21,21,'Acta de Entrega de Terreno','2015-11-19','Luego de realizada la inspección ocular de las áreas materia del contrato, el contratista recibe la zona de obras a satisfacción y plena conformidad.','','admin','2017-12-06 12:41:04',NULL,''),(22,21,'Acta de Pliego de Observaciones.','2016-04-19','El Comité de Recepción de Obra en uso de sus atribuciones procedió a la constatación y verificación de la obra ejecutada, encontrándose observaciones, las que se indican en el Pliego de Observaciones y Defectos de Obra, las mismas que serán subsanadas por el contratista.','No se Recepciona la Obra.','admin','2017-12-06 12:41:42',NULL,''),(23,21,'Acta de Recepción de obra.','2016-05-13','El Comité de Recepción de Obra procedió a la constatación y verificación de la subsanación de observaciones ejecutadas por el contratista dentro de su plazo de ley el día 06 de Mayo, RECEPCIONANDO la Obra, sin eximir al contratista de la responsabilidad por los vicios ocultos que se pudieran presentar posterior a la recepción de la Obra.','','admin','2017-12-06 12:42:13',NULL,''),(24,23,'Acta de Recepción de Obra','2017-03-07','El Comité de Recepción de Obra en uso de sus atribuciones estipulada en la Resolución Ejecutiva N° 005-2016-ITP/DE y en cumplimiento del Artículo 210° del Reglamento de la Ley de Contrataciones del Estado, luego de la inspección ocular, se ha establecido que los defectos y observaciones consignadas en el Acta que contiene el pliego de observaciones de obra suscrita el día 24/01/2017 (no hay Acta de Observaciones) han sido subsanadas en su plazo de ley el día 24/01/2017.\n','Recepción de obra ejecutada.','admin','2017-12-20 12:35:11',NULL,''),(25,27,'Acta de Entrega de Terreno','2015-11-20','Luego de realizada la inspección ocular de las áreas materia del contrato, el contratista recibe la zona de obras a satisfacción y plena conformidad.\n','','admin','2017-12-21 11:35:12',NULL,''),(26,27,'Acta de Recepción de obra con observaciones.','2016-06-23','El Comité de Recepción de Obra en uso de sus atribuciones procedió a la constatación y verificación de la obra ejecutada, encontrándose observaciones, las que se indican en el Pliego de Observaciones y Defectos de Obra, las mismas que serán subsanadas por el contratista\n','','admin','2017-12-21 11:35:29',NULL,''),(27,27,'Acta de Recepción de obra.','2016-07-07','El Comité de Recepción de Obra procedió a la constatación y verificación de la subsanación de observaciones ejecutadas por el contratista, RECEPCIONANDO la Obra, sin eximir al contratista de la responsabilidad por los vicios ocultos que se pudieran presentar posterior a la recpción de la Obra.','','admin','2017-12-21 11:35:56',NULL,''),(28,29,'Acta de Entrega de Terreno','2016-03-23','Entrega de Terreno','En la Carretera Iquitos Nauta, Distrito de San Juan Bautista, Provincia de Maynas, Departamento de Loreto, siendo las 13:00 horas del día 23/03/2016.','admin','2017-12-21 16:01:03',NULL,''),(29,29,'Acta de Pliego de Observaciones y Defectos de Obra','2016-12-27','Observaciones a la Obra.','Siendo las 16:00 horas del 27/12/2016, se señala que el Contratista deberá subsanar las observaciones detectadas dentro del plazo establecido.','admin','2017-12-21 16:01:39',NULL,''),(30,29,'Acta de Recepción de Obra','2017-01-31','Recepción de Obra.\n','El Comité de Recepción de Obra en uso de sus atribuciones estipulada en la Resolución Ejecutiva N° 237-2016-ITP/DE y en cumplimiento al Art. 210 del RLCE, luego de la inspección ocular, se ha establecido que los defectos y observaciones consignadas en el Acta que contiene el Pliego de Observaciones de Obra suscrita el 27/12/2016, han sido subsanadas en su plazo de ley el 24/01/2017, por lo que la obra ejecutada ha sido concluida de acuerdo a los documentos contenidos en el Expediente Técnico, sin eximir al Contratista de la responsabilidad por vicios ocultos que se pudieran presentar posterior a la recepción de la obra.','admin','2017-12-21 16:02:45',NULL,''),(31,31,'Acta de Entrega de Terreno','2015-12-11','Luego de realizada la inspección ocular de las áreas materia del contrato, el contratista recibe la zona de obras a satisfacción y plena conformidad.\n','','admin','2017-12-25 22:28:00',NULL,''),(32,31,'Acta de observaciones ','2017-02-07','observaciones a la obra\n','Siendo las 17:00 horas del dia 07/02/2017, se dio por termino edl presente acto, asi mismo se señala que la obra e encuentra en pleno proceso constructivo y no apta para su procedimiento de recepcion y no permite cumplir con el objeto de la resolicion, (RE N° 04-2017-ITP/DE) por lo tanto la presente comision señala que no efectuara el procedimiento de recepcion de obra . En señal de conformidad suscriben los miembros del comite de recepcion y los representantes del contratista.\n','admin','2017-12-25 22:28:14',NULL,''),(33,31,'Acta de Recepción de obra con observaciones.','2017-02-06','El Comité de Recepción de Obra en uso de sus atribuciones procedió a la constatación y verificación de la obra ejecutada, encontrándose que la obra se encuentra en proceso constructivo, señalando incnclusas diversas partidas de la obra.  \n','','admin','2017-12-25 22:28:28',NULL,''),(34,33,'Acta de Entrega de Terreno','2015-12-29','Entrega de Terreno\n','En la zona de obras, ubicada en Lote 4 dentro de las instalaciones de CETICOS-ILO, Av. Carretera Costanera Num S Sector Pampa de Palo al Sur de Ilo, Distrito de Ilo, Provincia de Ilo, Región Moquegua, Partida Electrónica N° 11001471.\n','admin','2017-12-26 01:29:52',NULL,''),(35,33,'Acta de Observaciones de Obra','2016-05-31','Observaciones a la Obra\n','El Comité NO RECEPCIONA la Obra hasta el levantamiento de llas Observaciones y en concordancia a lo indicado en el Art. 210 del RLCE acuerda lo siguiente: Otorgar un plazo de 05 días calendarios para la subsanación de las observaciones, el mismo que deberá seguir el procedimiento señalado en el citado Art. 210 del RLCE\n','admin','2017-12-26 01:30:07',NULL,''),(36,33,'Acta de Recepción de Obra','2016-06-16','Recepción de Obra\n','El Comité verifica que se ha concluido con la subsanación de observaciones con fecha 07/06/2016 conforme a lo indicado en el Asiento N° 96 del Cuaderno de Obra, por lo tanto se RECEPCIONA la Obra, sin eximir al Contratista de la responsabilidad por los vicios ocultos que se pudieran presentar posterior a la recepción de la obra\n','admin','2017-12-26 01:30:22',NULL,''),(37,35,'Aprueba la solicitud de sustitución del Ing Civil Mario Wilmer Huamaní Leandro por el Ing. Civi Enrique Yeren Macedo para desempeñar las labores de residente de obra','2015-12-16','Luego de realizada la inspección ocular de las áreas materia del contrato, el contratista recibe la zona de obras a satisfacción y plena conformidad.\n','','admin','2017-12-27 10:31:39',NULL,''),(38,35,'Acta de Recepción de obra con observaciones.','2016-05-17','El Comité de Recepción de Obra en uso de sus atribuciones procedió a la constatación y verificación de la obra ejecutada, encontrándose observaciones, las que se indican en el Pliego de Observaciones y Defectos de Obra, las mismas que serán subsanadas por el contratista\n','','admin','2017-12-27 10:31:58',NULL,''),(39,35,'Acta de Recepción de obra.','2016-06-13','El Comité de Recepción de Obra procedió a la constatación y verificación de la subsanación de observaciones ejecutadas por el contratista, RECEPCIONANDO la Obra, sin eximir al contratista de la responsabilidad por los vicios ocultos que se pudieran presentar posterior a la recpción de la Obra.\n','','admin','2017-12-27 10:32:23',NULL,''),(40,35,'Acta de Entrega de Terreno','2017-08-24','Luego de realizada la inspección ocular de las áreas materia del contrato, el contratista recibe la zona de obras a satisfacción y plena conformidad.\n','','admin','2017-12-27 10:32:51',NULL,'');
/*!40000 ALTER TABLE `acta` ENABLE KEYS */;
UNLOCK TABLES;

--
-- Table structure for table `adelanto`
--

DROP TABLE IF EXISTS `adelanto`;
/*!40101 SET @saved_cs_client     = @@character_set_client */;
/*!40101 SET character_set_client = utf8 */;
CREATE TABLE `adelanto` (
  `id_adelanto` int(11) NOT NULL AUTO_INCREMENT,
  `id_contrato_proceso_seleccion_item` int(11) NOT NULL,
  `adelanto_descipcion` text,
  `fecha_solicitud_adelanto` date DEFAULT NULL,
  `tipo_adelanto` varchar(45) DEFAULT NULL,
  `monto_adelanto` decimal(18,2) DEFAULT NULL,
  `usuario` varchar(300) DEFAULT NULL,
  `fecha_registro` datetime DEFAULT NULL,
  `fecha_ultima_modificacion` datetime DEFAULT NULL,
  `activo` bit(1) DEFAULT b'1',
  PRIMARY KEY (`id_adelanto`),
  KEY `fk_adelanto_cpsi_idx` (`id_contrato_proceso_seleccion_item`),
  CONSTRAINT `fk_adelanto_cpsi` FOREIGN KEY (`id_contrato_proceso_seleccion_item`) REFERENCES `contrato_proceso_seleccion_item` (`id_contrato_proceso_seleccion_item`) ON DELETE NO ACTION ON UPDATE NO ACTION
) ENGINE=InnoDB AUTO_INCREMENT=32 DEFAULT CHARSET=utf8;
/*!40101 SET character_set_client = @saved_cs_client */;

--
-- Dumping data for table `adelanto`
--

LOCK TABLES `adelanto` WRITE;
/*!40000 ALTER TABLE `adelanto` DISABLE KEYS */;
INSERT INTO `adelanto` VALUES (1,4,'Adelanto Directo Equivalente al 20% de monto contractual','2016-04-15','1',424068.54,'admin','2017-10-30 17:41:09','2017-11-29 22:11:31',''),(2,4,'Adelanto de Materiales Equivalente al 33.76%','2016-05-20','2',715767.18,'admin','2017-10-30 17:41:09','2017-11-29 22:11:55',''),(3,5,'Adelanto Directo Equivalente al 20% de monto contractual','2016-04-15','1',385551.03,'admin','2017-10-30 17:41:09','2017-12-02 01:47:51',''),(4,5,'Adelanto de Materiales Equivalente al 38.00%','2016-04-07','2',732498.11,'admin','2017-10-30 17:41:09','2017-12-02 01:48:21',''),(5,6,'Adelanto Directo Equivalente al 20% de monto contractual','2016-04-19','1',235822.09,'admin','2017-10-30 17:41:09','2017-12-02 01:48:41',''),(6,8,'Adelanto Directo Equivalente al 20% de monto contractual','2015-11-12','1',131570.00,'admin','2017-12-02 03:24:45',NULL,''),(7,8,'Adelanto de Materiales Equivalente al 40% de monto contractual','2016-01-15','2',202005.76,'admin','2017-12-02 03:26:18',NULL,''),(8,10,'Adelanto Directo Equivalente al 20% de monto contractual',NULL,'1',1259665.02,'admin','2017-12-02 11:05:49',NULL,''),(9,10,'Adelanto de Materiales Equivalente al 40% de monto contractual',NULL,'2',2519330.04,'admin','2017-12-02 11:06:09',NULL,''),(10,12,'Adelanto Directo Equivalente al 20% de monto contractual','2016-01-21','1',641845.16,'admin','2017-12-04 02:23:27',NULL,''),(11,12,'Adelanto de Materiales Equivalente al 40% de monto contractual','2016-09-02','2',1283690.37,'admin','2017-12-04 02:23:52',NULL,''),(12,15,'Adelanto Directo equivalente al 20% del monto contraactual',NULL,'1',642287.33,'admin','2017-12-04 10:50:11',NULL,''),(13,15,'Adelanto de Materiales equivalente al 40% del monto contraactual',NULL,'2',1284574.66,'admin','2017-12-04 10:50:22',NULL,''),(14,19,'Adelanto Directo Equivalente al 20% de monto contractual','2015-12-31','1',520426.78,'admin','2017-12-06 11:32:06',NULL,''),(15,19,'Adelanto de Materiales Equivalente al 28% de monto contractual','2016-02-10','2',927077.47,'admin','2017-12-06 11:32:57',NULL,''),(16,21,'Adelanto Directo equivalente al 20% del monto contraactual','2015-11-13','1',497237.18,'admin','2017-12-06 12:21:31',NULL,''),(17,21,'Adelanto de Materiales equivalente al 40% del monto contractual','2015-12-01','2',994474.36,'admin','2017-12-06 12:22:03',NULL,''),(18,23,'Adelanto Directo Equivalente al 20% de monto contractual','2015-12-31','1',844006.43,'admin','2017-12-20 10:38:37',NULL,''),(19,23,'Adelanto de Materiales Equivalente al 20% de monto contractual','2016-03-23','2',844006.43,'admin','2017-12-20 10:38:55',NULL,''),(20,25,'Adelanto Directo Equivalente al 20% de monto contractual','2016-03-29','1',1580461.26,'admin','2017-12-21 10:04:11',NULL,''),(21,25,'Adelanto de Materiales Equivalente al 37.40% de monto contractual','2016-05-03','2',2955135.80,'admin','2017-12-21 10:04:32',NULL,''),(22,27,'Adelanto Directo equivalente al 20% del monto contractual','2015-11-13','1',1147283.57,'admin','2017-12-21 11:21:52',NULL,''),(23,27,'Adelanto de Materiales equivalente al 40% del monto contraactual','2015-12-29','2',2294567.14,'admin','2017-12-21 11:22:13',NULL,''),(24,29,'Adelanto Directo Equivalente al 20% de monto contractual',NULL,'1',528400.00,'admin','2017-12-21 12:52:35',NULL,''),(25,29,'Adelanto de Materiales Equivalente al 40% de monto contractual','2016-04-15','2',1016457.62,'admin','2017-12-21 12:53:24',NULL,''),(26,31,'Adelanto Directo Equivalente al 20% de monto contractual',NULL,'1',0.00,'admin','2017-12-25 16:49:55',NULL,''),(27,31,'Adelanto de Materiales Equivalente al 40% de monto contractual','2015-12-22','2',3686534.76,'admin','2017-12-25 16:50:23',NULL,''),(28,33,'Adelanto Directo Equivalente al 20% de monto contractual','2015-12-22','1',404320.91,'admin','2017-12-26 01:00:00',NULL,''),(29,33,'Adelanto de Materiales Equivalente al 28% de monto contractual','2016-01-28','2',566049.28,'admin','2017-12-26 01:00:17','2017-12-26 01:00:25',''),(30,35,'Adelanto Directo equivalente al 20% del monto contraactual','2015-12-09','1',451914.00,'admin','2017-12-27 10:14:45',NULL,''),(31,35,'Adelanto de Materiales equivalente al 40% del monto contraactual','2015-12-17','2',915828.00,'admin','2017-12-27 10:15:40',NULL,'');
/*!40000 ALTER TABLE `adelanto` ENABLE KEYS */;
UNLOCK TABLES;

--
-- Table structure for table `adenda`
--

DROP TABLE IF EXISTS `adenda`;
/*!40101 SET @saved_cs_client     = @@character_set_client */;
/*!40101 SET character_set_client = utf8 */;
CREATE TABLE `adenda` (
  `id_adenda` int(11) NOT NULL AUTO_INCREMENT,
  `id_contrato_proceso_seleccion_item` int(11) DEFAULT NULL,
  `adenda_descripcion` varchar(200) DEFAULT NULL,
  `fecha_suscripcion` date DEFAULT NULL,
  `plazo_otorgado` int(11) DEFAULT NULL,
  `motivo_generado` text,
  `usuario` varchar(300) DEFAULT NULL,
  `fecha_registro` datetime DEFAULT NULL,
  `fecha_ultima_modificacion` datetime DEFAULT NULL,
  `activo` bit(1) DEFAULT NULL,
  PRIMARY KEY (`id_adenda`),
  KEY `fk_adendas_cpsi_idx` (`id_contrato_proceso_seleccion_item`),
  CONSTRAINT `fk_adendas_cpsi` FOREIGN KEY (`id_contrato_proceso_seleccion_item`) REFERENCES `contrato_proceso_seleccion_item` (`id_contrato_proceso_seleccion_item`) ON DELETE NO ACTION ON UPDATE NO ACTION
) ENGINE=InnoDB AUTO_INCREMENT=48 DEFAULT CHARSET=utf8;
/*!40101 SET character_set_client = @saved_cs_client */;

--
-- Dumping data for table `adenda`
--

LOCK TABLES `adenda` WRITE;
/*!40000 ALTER TABLE `adenda` DISABLE KEYS */;
INSERT INTO `adenda` VALUES (1,1,'Adenda N°1 al Contrato 37','2016-10-27',23,'Formaliza la Ampliación de Plazo N° 1 por 23 días, dispuesto por la Resolución de Secretaría Genral N° 166-2016-ITP/SG','admin','2017-10-30 17:22:17',NULL,''),(2,1,'Adenda N°2 al Contrato 37','2016-12-02',53,'Formaliza las Ampliaciones de Plazo N° 2 y N° 3 por 23 días y 30 días, respectivamente; según lo dispuesto por las sendas Resoluciones de Secretaría General N° 188-2016-ITP/SG y N° 215-2016-ITP/SG','admin','2017-10-30 17:22:17',NULL,''),(3,1,'Adenda N°3 al Contrato 37','2016-12-05',35,'Formaliza las Ampliaciones de Plazo N° 2 y N° 3 por 23 días y 30 días, respectivamente; según lo dispuesto por las sendas Resoluciones de Secretaría General N° 188-2016-ITP/SG y N° 215-2016-ITP/SG','admin','2017-10-30 17:22:17',NULL,''),(4,2,'Adenda N°1',NULL,NULL,NULL,'admin','2017-10-30 17:22:17',NULL,''),(5,3,'Adenda N°1 al Contrato 010','2016-12-01',96,'Ampliaciones de Plazo 1, 2 3 y 4según Resoluciones de Secretaría General N° 173. N° 199, N° 219 y N° 240..','admin','2017-10-30 17:22:17','2017-11-27 18:23:33',''),(6,4,'Adenda N°1 al Contrato 45','2016-10-27',23,'Formaliza la Ampliación de Plazo N° 1 por 23 días, dispuesto por la Resolución de Secretaría Genral N° 166-2016-ITP/SG.','admin','2017-10-30 17:22:17','2017-11-30 12:50:20',''),(7,4,'Adenda N°2 al Contrato 45','2016-12-02',53,'Formaliza las Ampliaciones de Plazo N° 2 y N° 3 por 23 días y 30 días, respectivamente; según lo dispuesto por las sendas Resoluciones de Secretaría General N° 188-2016-ITP/SG y N° 215-2016-ITP/SG','admin','2017-10-30 17:22:17',NULL,''),(8,4,'Adenda N°3 al Contrato 45','2016-12-05',35,'Formaliza las Ampliaciones de Plazo N° 2 y N° 3 por 23 días y 30 días, respectivamente; según lo dispuesto por las sendas Resoluciones de Secretaría General N° 188-2016-ITP/SG y N° 215-2016-ITP/SG','admin','2017-10-30 17:22:17',NULL,''),(9,5,'Adenda N°1',NULL,NULL,NULL,'admin','2017-10-30 17:22:17',NULL,''),(10,6,'Adenda N°1 al Contrato N° 47','2016-12-01',24,'Ampliación de Plazo 1; según resolución de Secretaría General N° 173.','admin','2017-10-30 17:22:17','2017-11-29 19:50:02',''),(11,6,'Adenda N°2 al Contrato N° 47','2016-12-02',48,'Ampliación de Plazo 2 y Ampliación de Plazo 3; según resoluciones de Secretaría General N° 199 y N° 219.','admin','2017-10-30 17:22:17',NULL,''),(12,6,'Adenda N°3 al Contrato N° 47','2016-12-03',24,'Ampliación de Plazo 4; según resolución de Secretaría General N° 240.','admin','2017-10-30 17:22:17',NULL,''),(13,6,'Adenda N°3 al Contrato N° 48','2016-12-04',25,'Ampliación de Plazo 4; según resolución de Secretaría General N° 240.','admin','2017-10-30 17:22:17','2017-11-27 18:22:25',''),(14,8,'Adenda N° 01','2016-02-02',0,'Mediante Resolución Ejecutiva N° 133-2015-ITP/DE de fecha 30/12/2015, La Entidad aprobó la solicitud de sustitución del Ing. Civil Alfredo León Chicoma por el Ing. Civil Edwin Catalino Gamarra Barrera para desempeñar las labores de Residente en la ejecución de la Obra.','admin','2017-12-02 03:22:58',NULL,''),(15,13,'Adenda N°1','2016-01-29',0,'Tiene por objeto formalizar la sustitucion del Ing. Resicente de la obra.','admin','2017-12-04 10:03:29',NULL,''),(16,15,'Adenda N°1','2017-06-23',0,'Modificación de la Cláusula Quinta del Plazo de la Ejecución de la Obra a aumentando de 150 días a 324 días. Modificación de la Cláusula Tercera la cual permitirá formalizar la Prestación Adicional de la Obra N°02 y Deductivo Vinculante N°01, suiendo el monto final S/ 3667929.64 incluido IGV.','admin','2017-12-04 10:49:26',NULL,''),(17,15,'Adenda N°2','2017-07-07',0,'Vigencia del Contrato primigenio.','admin','2017-12-04 10:49:46',NULL,''),(18,18,'Adenda N°1','2016-08-19',3,'\"Objeto, modificar la Cláusula Quinta del Plazo de ejecución de la Prestación a consecuencia de las Resoluciones de Secretaria General Nº 052-2016P/SG, estableciéndose el plazo de ejecución del contrato en ciento cincuenta y tres (153) días calendario, conformado ciento veintitrés (123) Supervisión y Recepción y pre-liquidación en treinta (30) días calendario.\nSe determinó que la conformidad la daría la Dirección de Operaciones (DO)\nERROR (No tiene fundamento de tres días, sólo por un día, se obvio Resolución de Secretaria General N° 050-2016-ITP/SG)\".','admin','2017-12-06 11:25:36',NULL,''),(19,19,'Adenda N°1','2016-08-19',0,'Objeto, modificar la Cláusula Quinta del Plazo de ejecución de Obra a consecuencia de las Resoluciones de Secretaria General Nº 050 y 052-2016P/SG, estableciéndose el plazo de ejecución del contrato en ciento veintitrés (123) días calendario.','admin','2017-12-06 11:31:42',NULL,''),(20,22,'Adenda N°1','2016-09-22',15,'Aprobando la ampliacion de plazo N°1 por 15 dias calendario.','admin','2017-12-20 09:48:13',NULL,''),(21,22,'Adenda N°2','2016-09-23',45,'Aprobando la variación del vencimiento contractual al 14/08/2016, como consecuencia de la aprobación de las ampliaciones de plazo N° 1 por 15 días calendario, ampliación de plazo N° 2 por 15 dias calendario y la ampliación de plazo N° 3 por 30 días calendario.','admin','2017-12-20 09:48:31',NULL,''),(22,23,'Adenda N°1','2016-02-25',0,'Modificación de la Propuesta Técnica referida a la sustitución de profesional Residente de Obra.\n','admin','2017-12-20 10:16:50',NULL,''),(23,23,'Adenda N°2','2016-09-22',15,'Modificar la cláusula quinta del plazo de ejecución de la obra. Formalizar la ampliación de plazo N° 1 parcial.','admin','2017-12-20 10:17:28',NULL,''),(24,23,'Adenda N°3','2016-09-23',180,'Modificar la cláusula tercera del plazo de ejecución de la obra. Formailzar la prestación del Adicional de Obra N° 01, Se establece un nuevo monto contractual. Se modifica la cláusula quinta del contrato que corresponde a 180 días calendario.','admin','2017-12-20 10:37:35',NULL,''),(25,23,'Adenda N°4','2016-10-03',41,'Modificar la cláusula quinta del plazo de ejecución de la obra. Formalizar la ampliación de plazo N° 4 parcial.','admin','2017-12-20 10:37:55',NULL,''),(26,23,'Adenda N°5','2017-02-10',266,'Modificar la cláusula quinta del contrato respecot del plazo de ejecuciónde obra, establece que el plazo contractual se convierte a 266 días calendario.','admin','2017-12-20 10:38:14',NULL,''),(27,24,'Adenda N°1','2016-10-26',80,'Modifica Cláusula Quinta: del Plazo de la Ejecución de la Obra. El plazo de ejecución del presente contrato es de 260 días calendario\n','admin','2017-12-20 12:53:45',NULL,''),(28,24,'Adenda N°2','2016-12-13',0,'Modificar la Cláusula Tercera del Contrato la cual permitirá formalizar la Prestación Adicional de Obra N° 01 y Deductivo Vinculante N° 01 por S/. 11,132.86, siendo el nuevo monto contractual de 7,913,439.18\n','admin','2017-12-20 12:54:00',NULL,''),(29,24,'Adenda N°3','2017-03-20',50,'Modificar la Cláusula Tercera del Contrato lo que permitirá formalizar las Prestaciones Adicionales de Obra Nº 01 y 02, según lo dispuesto por la Resolución Ejecutiva Nº 241-2016-ITP/DE, estableciendo que el nuevo monto contractual asciende a la suma de S/ 284 935,86\nModificar la Cláusula Quinta del Contrato, respecto a la Ampliación de Plazo Nº 04 por un plazo de cincuenta (50) días calendario, siendo el nuevo plazo contractual de trescientos cuarenta (340) días, precisando trescientos diez (310) para Supervisión y treinta (30) días calendario para recepción y pre liquidación.','admin','2017-12-20 12:54:31',NULL,''),(30,24,'Adenda N°4','2017-05-16',120,'Se modifica la Cláusula Quinta del Contrato 025-2016-ITP/SG/OGA-ABAST lo cual permitirá formalizar las ampliaciones de plazo 4 y 5 según lo dispuesto por las Resoluciones de Secretaría General N° 025-2017 y N° 069-2017-ITP/SG, estableciéndose en cuatrocientos sesenta (460) el plazo de ejecución contractual, precisándose 430 para Supervisión y 30 días para recepción y pre liquidación de obra.','admin','2017-12-20 12:54:57',NULL,''),(31,24,'Adenda N°5',NULL,60,'Se modifica la Cláusula Quinta en mérito a lo dispuesto por Resolución de Secretaria General N° 134-2017-ITP/SG, estableciéndose en quinientos veinte (520) el plazo de ejecución contractual, precisándose 490 para Supervisión y 30 días para recepción y pre liquidación de obra.','admin','2017-12-20 12:55:19',NULL,''),(32,25,'Adenda N°1','2016-10-26',0,'Modificar la Cláusula Quinta del Contrato en mérito a la Resolución de Secretaria General N° 177-2016-ITP/SG de fecha 23.09.2016 y Secretaria General N° 180-2016-ITP/SG de fecha 23.09.2016, estableciendo el plazo de ejecución de doscientos sesenta (260) días calendario.\n','admin','2017-12-21 10:01:57',NULL,''),(33,25,'Adenda N°2','2016-12-13',0,'Modifica la Cláusula Tercera, para formalizar la Prestación Adicional N° 01, y Deductivo Vinculante N° 01, de acuerdo con la Resolución Ejecutiva N° 174-2016-ITP/DE, estableciendo el nuevo monto contractual S/ 7,913,439.18','admin','2017-12-21 10:02:17',NULL,''),(34,25,'Adenda N°3','2017-01-02',0,'Modifica Clausula Tercera del Contrato que permitirá formalizar la Prestación Adicional de Obra N° 02 y Deductivo Vinculante N° 02, estableciéndose que el nuevo monto contractual es de S/. 7,902,306.32 a S/ 8,939,451.74','admin','2017-12-21 10:02:51',NULL,''),(35,25,'Adenda N°4','2017-05-16',0,'Modificar la Cláusula Tercera, según lo dispuesto por Resolución Ejecutiva N° 241-2016-ITP/DE, modificada por Resolución Ejecutiva N° 70-2017-ITP/DE y a lo dispuesto por la Resolución Ejecutiva N° 032-2017-ITP/DE, estableciéndose que el monto contractual asciende a S/ 8,792,016.56.\nModificar la Cláusula Quinta, que permite formalizar la Ampliación de Plazo N° 06, dispuesta por Resolución de Secretaria General N° 254-2016-ITP/SG ampliándose la vigencia del contrato al 10.02.2017, estableciéndose el Plazo de Ejecución Final 310 días calendario.','admin','2017-12-21 10:03:15',NULL,''),(36,25,'Adenda N°5','2017-07-11',0,'Se modifica la Cláusula Quinta estableciéndose el Plazo de Ejecución de cuatrocientos noventa (490) calendario.','admin','2017-12-21 10:03:32',NULL,''),(37,25,'Adenda N°6',NULL,0,'Modificar la Cláusula Tercera del Contrato, en mérito a lo dispuesto en la Resolución Ejecutiva N° 154-2017-ITP/DE, a través del cual se autoriza la Reducción de Obra Nº 02, por el monto de S/ 261 408,86, que representa una incidencia de 3.31% y acumulado de 3.77% respecto del monto contractual, en ese sentido el monto contractual asciende a S/ 8 133 965,80','admin','2017-12-21 10:03:45',NULL,''),(38,27,'Adenda N°1','2016-08-23',0,'Modificar la Cláusula Quinta del Contrato en mérito a la Resolución de Secretaria General N° 053-2016-ITP/SG de fecha 11.05.2016 , estableciendo el plazo de ejecución de ciento sesenta y cinco (165) días calendario. Modificar la Cláusula Tercera del Contrato, formalizando la Prestación Adicional de Obra N°02 por la suma de S/ 312,257.48 incluido el IGV y el Deductivo Vinculante N°01 poe la suma de S/ 312,798.18 incluido el IGV en mérito a la dispuesto en la Resolución Ejecutiva N°77-2016-ITP/DE de fecha 23 de Mayo de 2016.','admin','2017-12-21 11:20:59',NULL,''),(39,28,'Adenda N° 01','2016-10-28',33,'Modificar la Cláusula Quinta del Contrato, la cual permitirá formalizar la Ampliación de Plazo N° 01 (por 33 días), dispuesto por la Resolución de Secretaría General N° 158-2016-ITP/SG.','admin','2017-12-21 12:34:52',NULL,''),(40,28,'Adenda N° 02','2016-11-30',25,'Modificar la Cláusula Quinta del Contrato, la cual permitirá formalizar la Ampliación de Plazo N° 02, otorgada por Resolución de Secretaría General N° 192-2016-ITP/SG, por 25 días calendario, difiriéndose la fecha de culminación de la prestación correspondiente a la Supervisión de Obra del 28/09/2016 al 23/10/2016.','admin','2017-12-21 12:35:14',NULL,''),(41,29,'Adenda N° 01','2016-10-14',0,'Modificar la Cláusula Tercera del Contrato, la cual permitirá formalizar la Prestación Adicional de Obra N° 01 por la suma de S/. 95,499.24 sin incluir IGV, dispuesta en la Resolución Ejecutiva N° 167-2016-ITP/DE.','admin','2017-12-21 12:47:24','2017-12-21 12:48:07',''),(42,29,'Adenda N° 02','2016-10-28',33,'Modificar la Cláusula Quinta del Contrato, la cual permitirá formalizar la Ampliación de Plazo N° 02 (por 33 dás calendario), dispuesto por la Resolución de Secretaría General N° 158-2016-ITP/SG.','admin','2017-12-21 12:48:25',NULL,''),(43,31,'Adenda N°1','2015-12-10',0,'Cláusula adicional del plazo de ejecución. Las partes postergan de mutuo acuerdo, el inicio del plazo de ejecución contractual hasta que la entidad entregue el terreno donde se ejecutará la obra. \n','admin','2017-12-25 16:27:51',NULL,''),(44,31,'Adenda N°3','2016-08-08',0,'Modifica la Cláusula Quinta \"El plazo de ejecución del presente contrato es de 254 dïas calendario, el mismo que se computa desde el día siguiente de cumplidas las condiciones previstas en el numeral 3.5 de la sección general de las bases integradas y según lo dispuesto por la adenda 01 al contrato\".\n','admin','2017-12-25 16:28:33',NULL,''),(45,31,'Adenda N°4','2016-09-06',0,'Formaliza la aprobación de las Prestaciones Adicionales y Deductivos Vinculantes indicadas en la Cláusula Primera, las mismas que implican variaciones en el monto contractual establecido inicialmente, además de significar un aumento de forma proporcional de la garantía que hubiera contratado el contratista, lo que conlleva indefectiblemente a la modificación del referido contrato.\n','admin','2017-12-25 16:28:44',NULL,''),(46,31,'Adenda N°5','2016-10-27',0,'Modifica Clausula Quinta la cual permitirá formalizar las Ampliaciones de Plazo N° 01,  N° 2 ,N° 3 ,  dispuestas por las resoluciones de Secretaria General N° 150, 161, 191- 2016-ITP/SG.\n','admin','2017-12-25 16:28:59',NULL,''),(47,35,'Adenda N°1','2017-09-18',0,'CLAUSULA ADICIONAL: DEL PLAZO DE EJECUCION; las partes acuerdan que el plazo de ejecución contractual iniciará al día siguiente que la entidad le comunique al contratista la designación del supervisor de obra.\n','admin','2017-12-27 10:14:05',NULL,'');
/*!40000 ALTER TABLE `adenda` ENABLE KEYS */;
UNLOCK TABLES;

--
-- Table structure for table `adicional`
--

DROP TABLE IF EXISTS `adicional`;
/*!40101 SET @saved_cs_client     = @@character_set_client */;
/*!40101 SET character_set_client = utf8 */;
CREATE TABLE `adicional` (
  `id_adicional` int(11) NOT NULL AUTO_INCREMENT,
  `id_contrato_proceso_seleccion_item` int(11) NOT NULL,
  `resolucion_aprobacion_adicional` text,
  `fecha_resolucion_aprobacion_adicional` date DEFAULT NULL,
  `monto_adicional_otorgado` decimal(18,2) DEFAULT NULL,
  `motivo_generado` text,
  `usuario` varchar(300) DEFAULT NULL,
  `fecha_registro` datetime DEFAULT NULL,
  `fecha_ultima_modificacion` datetime DEFAULT NULL,
  `activo` bit(1) DEFAULT b'1',
  PRIMARY KEY (`id_adicional`),
  KEY `fk_adicional_cpsi_idx` (`id_contrato_proceso_seleccion_item`),
  CONSTRAINT `fk_adicional_cpsi` FOREIGN KEY (`id_contrato_proceso_seleccion_item`) REFERENCES `contrato_proceso_seleccion_item` (`id_contrato_proceso_seleccion_item`) ON DELETE NO ACTION ON UPDATE NO ACTION
) ENGINE=InnoDB AUTO_INCREMENT=30 DEFAULT CHARSET=utf8;
/*!40101 SET character_set_client = @saved_cs_client */;

--
-- Dumping data for table `adicional`
--

LOCK TABLES `adicional` WRITE;
/*!40000 ALTER TABLE `adicional` DISABLE KEYS */;
INSERT INTO `adicional` VALUES (1,4,'RESOLUCION EJECUTIVA N° 221-2016-ITP/DE','2016-11-14',143216.47,'Prestación Adicional de Obra N° 1, con plazo de ejecución de 35 dc. cuya causal es que se ha originado por deficiencias encontradas al expediente técnico, al no contemplar costos de suministros e instalación de bombas contra incendio, equipo de bombeo de agua fría y planta de tratamiento de aguas residuales.','admin','2017-10-30 16:55:08','2017-11-29 20:38:35',''),(2,5,'RESOLUCION EJECUTIVA N° ….-2016-ITP/DE',NULL,NULL,NULL,'admin','2017-10-30 16:55:09',NULL,''),(3,6,'RESOLUCION EJECUTIVA N° ….-2016-ITP/DE',NULL,NULL,NULL,'admin','2017-10-30 16:55:09',NULL,''),(4,8,'Resolución Ejecutiva N° 025-2016-ITP/DE','2016-02-24',0.00,'Denegar la Solicitud de Prestación Adicional de Obra N° 01 y Deductivo N° 01, formulado por la Empresa R&S para la ejecución de la obra, de conformidad con los fundamentos expuestos en la parte considerativa de la presente Resolución.','admin','2017-12-02 03:20:25',NULL,''),(5,10,'Resolución Ejecutiva N° 143-2016-ITP/DE','2016-07-27',612155.61,'Se aprueba el Expediente Técnico de Prestación Adicional de Obra N° 01 por la suma de S/. 612,155.61 sin incluir IGV, y el Deductivo Vinculante N° 01 por la suma de S/. 31,093.18 sin incluir IGV, suma que representa una incidencia parcial neta y acumulada de -9.23% en relación al monto original del contrato, cuyo plazo de ejecución es de 45 días calendario.','admin','2017-12-02 11:00:08',NULL,''),(6,10,'Resolución Ejecutiva N° 049-2017-ITP/DE','2017-03-27',737995.41,'Se aprueba el Expediente Técnico de Prestación Adicional de Obra N° 02 por la suma de S/. 737,995.41 sin incluir IGV, y el Deductivo Vinculante N° 02 por la suma de S/. 421,546.87 sin incluir IGV, en consecuencia, siendo el monto del presupuesto adicional neto de S/. 316,448.53 suma que representa una incidencia parcial de 5.02% y acumulada de 14.25% en relación al monto original del contrato, cuyo plazo de ejecución es de 75 días calendario.','admin','2017-12-02 11:01:38',NULL,''),(7,10,'Resolución Ejecutiva N° 234-2016-ITP/DE','2016-11-28',123501.87,'Se aprueba el Expediente Técnico de Prestación Adicional de Obra N° 04 \"Cobertura de Frisos y Aleros\" por la suma de S/. 104,662.60, sin incluir IGV, suma que representa una incidencia parcial y acumulada de 2.94% y 8.86%, respectivamente, en relación al monto original del contrato, cuyo plazo de ejecución es de 30 días calendario.','admin','2017-12-02 11:02:51','2017-12-02 11:04:16',''),(8,10,'Resolución Ejecutiva N° 014-2017-ITP/DE','2017-01-30',41081.91,'Se aprueba el Expediente Técnico de Prestación Adicional de Obra N° 05 \"Tratamiento de Aguas Residuales Domésticas\" por la suma de S/. 17,377.46, sin incluir IGV y el Deductivo Vinculante N° 03 por la suma de S/. 17,437.72, sin incluir IGV, cuya incidencia acumulada asciende a 8.86% en relación al monto original del contrato, cuyo plazo de ejecución es de 10 días calendario.','admin','2017-12-02 11:03:26',NULL,''),(9,15,'RESOLUCION EJECUTIVA N° 073-2017-ITP/DE','2017-05-17',456492.99,'Aprueba el Expediente Técnico de la prestación adicional de la obra N°02 y deductivo vinculante N° 01 por el monto de S/ 456,492.99 con un plazo de ejecución de 60 días.\n','admin','2017-12-04 10:48:51',NULL,''),(10,17,'RESOLUCION EJECUTIVA N° 174-2016-ITP/DE','2016-08-26',31995.88,'Aprueba Expediente Técnico de Prestación Adicional de Obra N° 01, por la suma de S/ 31 995,88 y Deductivo Vinculante N° 01 por la suma de S/ 20 863,02, cuya incidencia parcial neta acumulada asciende a 0.14% en relación al monto contractual original; y, un plazo de ejecución de treinta (30) días.','admin','2017-12-06 10:39:17',NULL,''),(11,17,'RESOLUCION EJECUTIVA N° 241-2016-ITP/DE','2016-12-23',1026012.56,'Aprueba Expediente Técnico de Prestación Adicional de Obra N° 02, por la suma de S/ 2 790 348,48 y Deductivo Vinculante N° 02 por S/ 1 764 335,92, estableciendo el nuevo monto del adicional neto S/ 1 026 012,56, que representa una incidencia parcial y acumulada de 12.98% y 13.12% respectivamente en relación al monto contractual original, cuyo plazo de ejecución es de sesenta (60) días.','admin','2017-12-06 10:39:34',NULL,''),(12,17,'RESOLUCION EJECUTIVA N° 70-2017-ITP/DE','2017-05-10',773964.54,'Declara Nulidad Parcial de Resolución Ejecutiva N° 241-2016-ITP/de fecha 23.12.2016, con eficacia anticipada al 23.12.2016, por la suma de S/ 2 790 348,48 y Deductivo Vinculante N° 02 por S/ 2 016 383,94, siendo el monto del adicional neto de S/ 773 964,54, cuya incidencia parcial y acumulada asciende a 9.79% y 9.94% respectivamente.','admin','2017-12-06 10:39:56',NULL,''),(13,17,'RESOLUCION EJECUTIVA N° 32-2017-ITP/DE','2017-02-20',104612.87,'Aprueba Expediente Técnico de la Prestación Adicional de Obra N°03 por S/ 178 959,66 y el Deductivo Vinculante N° 03 por S/ 74 346,79, siendo el monto adicional neto de S/ 104 612,87 cuya incidencia parcial y acumulada asciende a 1.32% y 14.45% y un plazo de ejecución de veinte (20) días calendario.','admin','2017-12-06 10:40:19',NULL,''),(14,17,'RESOLUCION EJECUTIVA N° 142-2017-ITP/DE','2017-08-31',36641.93,'Autoriza el Deductivo de Obra Nº 04 (Reducción de Obra Nº 1) al Contrato de obra, por el monto de S/ 36 641,93, que representa una incidencia parcial y acumulada de 0.46% respecto del monto contractual original.','admin','2017-12-06 10:40:48',NULL,''),(15,23,'RESOLUCION EJECUTIVA N° 170-2016-ITP/DE','2016-08-10',572682.91,'Prestación Adicional de Obra N° 1, al Elaborar el Expediente Técnico de Construcción de Cerco Perimétrico de 3.5 m. de altura en el sado de área construida no precisada, que genera una ampliación de plazo contractual de 45 días.','admin','2017-12-20 10:11:40',NULL,''),(16,25,'RESOLUCION EJECUTIVA N° 174-2016-ITP/DE','2016-08-26',31995.88,'Aprueba Expediente Técnico de Prestación Adicional de Obra N° 01, por la suma de S/ 31 995,88 y Deductivo Vinculante N° 01 por la suma de S/ 20 863,02, cuya incidencia parcial neta acumulada asciende a 0.14% en relación al monto contractual original; y, un plazo de ejecución de treinta (30) días.','admin','2017-12-20 16:09:32',NULL,''),(17,25,'RESOLUCION EJECUTIVA N° 241-2016-ITP/DE','2016-12-23',1026012.56,'Aprueba Expediente Técnico de Prestación Adicional de Obra N° 02, por la suma de S/ 2 790 348,48 y Deductivo Vinculante N° 02 por S/ 1 764 335,92, estableciendo el nuevo monto del adicional neto S/ 1 026 012,56, que representa una incidencia parcial y acumulada de 12.98% y 13.12% respectivamente en relación al monto contractual original, cuyo plazo de ejecución es de sesenta (60) días.','admin','2017-12-20 16:09:54',NULL,''),(18,25,'RESOLUCION EJECUTIVA N° 70-2017-ITP/DE','2017-05-10',773964.54,'Declara Nulidad Parcial de Resolución Ejecutiva N° 241-2016-ITP/de fecha 23.12.2016, con eficacia anticipada al 23.12.2016, por la suma de S/ 2 790 348,48 y Deductivo Vinculante N° 02 por S/ 2 016 383,94, siendo el monto del adicional neto de S/ 773 964,54, cuya incidencia parcial y acumulada asciende a 9.79% y 9.94% respectivamente.','admin','2017-12-20 16:10:33',NULL,''),(19,25,'RESOLUCION EJECUTIVA N° 32-2017-ITP/DE','2017-02-20',104612.87,'Aprueba Expediente Técnico de la Prestación Adicional de Obra N°03 por S/ 178 959,66 y el Deductivo Vinculante N° 03 por S/ 74 346,79, siendo el monto adicional neto de S/ 104 612,87 cuya incidencia parcial y acumulada asciende a 1.32% y 14.45% y un plazo de ejecución de veinte (20) días calendario.','admin','2017-12-20 16:12:21',NULL,''),(20,25,'RESOLUCION EJECUTIVA N° 142-2017-ITP/DE','2017-08-31',36641.93,'Autoriza el Deductivo de Obra Nº 04 (Reducción de Obra Nº 1) al Contrato de obra, por el monto de S/ 36 641,93, que representa una incidencia parcial y acumulada de 0.46% respecto del monto contractual original.','admin','2017-12-20 16:13:03',NULL,''),(21,27,'RESOLUCION EJECUTIVA N° 077-2016-ITP/DE','2016-05-23',312257.48,'Aprueba el Expediente Técnico de Prestación Adicional de Obra N°2 por la suma de S/ 312,257.48 incluido el IGV y el Deductivo Vinculante N°01 por la suma de S/ 312,798.18 incluido el IGV, con un plazo de ejecución de 15 días calendarios.','admin','2017-12-21 11:19:54',NULL,''),(22,27,'RESOLUCIÓN EJECUTIVA N° 214-2016-ITP/DE','2016-11-04',402821.58,'Observar la liquidación de obra presentada por la empresa Nelan Contratistas Generales SRL, que determina un saldo a favor de S/ 557,796.07 incluido el IGV, en consecuencia, reformando el saldo a fsavor del contratista por la suma de S/ 402,821.58 incluido el IGV, según el detalle del Resumen de Liquidación de Obra.','admin','2017-12-21 11:20:23',NULL,''),(23,29,'Resolución Ejecutiva N° 167-2016-ITP/DE','2016-08-08',95499.24,'Se aprueba el Expediente Técnico de Prestación Adicional de Obra N° 01 por la suma de S/. 95,499.24 sin incluir IGV, cuya incidencia representa el 3.61% del monto contractual original, con un plazo de ejecución de 30 días calendario.\nAutorizar la ejecución de la Prestación Adicional de Obra N° 01.','admin','2017-12-21 12:51:41',NULL,''),(24,29,'Resolución Ejecutiva N° 183-2016-ITP/DE','2016-09-22',171334.89,'Se aprueba el Expediente Técnico de Prestación Adicional de Obra N° 02 por la suma de S/. 137,989.70 sin incluir IGV, y el Deductivo Vinculante N° 01 por la suma de S/. 33,345.19 sin incluir IGV, cuya incidencia parcial neta y acumulada asciende a 3.96% y 7.57%, respectivamente, en relación al monto contractual original, cuyo plazo de ejecución es de 30 días calendario.\nAutorizar la ejecución de la Prestación Adicional N° 02 y Deductivo Vinculante N° 01.','admin','2017-12-21 12:52:07',NULL,''),(25,31,'RESOLUCION EJECUTIVA N° 135-2016-ITP/DE','2016-07-18',296973.71,'Aprueba Expediente Técnico de Prestación Adicional de Obra N° 01, por la suma de S/ 296,973.71 incluido IGV, cuya incidendia es del 3.22 % del monto de obra, bajo el sistema de contratacion a suma alzada, con un plazo de ejecución de noventa (90) días calendario.\n','admin','2017-12-25 16:26:31',NULL,''),(26,31,'RESOLUCION EJECUTIVA N° 136-2016-ITP/DE','2016-07-18',7182016.00,'Aprueba Expediente Técnico de Prestación Adicional de Obra N° 02, por la suma de S/1,007,271.23  incluido IGV y el Deductivo Vinculante N°1 por la suma de S/. 1,007,762.37 incluido IGV, cuya incidendia parcial y acumulada asciende a -0.005% y 3.215% repectivamente del monto de obra, bajo el sistema de contratacion a suma alzada, con un plazo de ejecución de cincuenta y seis  (56) días calendario.\n','admin','2017-12-25 16:26:45',NULL,''),(27,31,'RESOLUCION EJECUTIVA N° 141-2016-ITP/DE','2016-07-26',24002.05,'Aprueba Expediente Técnico de Prestación Adicional de Obra N° 03, por la suma de S/24,002.05  incluido IGV y el Deductivo Vinculante N°02 por la suma de S/. 24,019.38 incluido IGV, cuya incidendia parcial y acumulada asciende a -0.00019% y 3.215% repectivamente del monto de obra, bajo el sistema de contratacion a suma alzada, con un plazo de ejecución de treinta y ocho  (38) días calendario.\n','admin','2017-12-25 16:27:01',NULL,''),(28,31,'RESOLUCION EJECUTIVA N° 142-2016-ITP/DE','2016-07-26',66765.01,'Aprueba Expediente Técnico de Prestación Adicional de Obra N° 04, por la suma de S/ 66,765.01 incluido IGV y el Deductivo Vinculante N°03 por la suma de S/. 66,772.74 incluido IGV, cuya incidendia parcial y acumulada asciende a -0.00000084% y 3.215% repectivamente del monto de obra, bajo el sistema de contratacion a suma alzada, con un plazo de ejecución de treinta   (30) días calendario.\n','admin','2017-12-25 16:27:19',NULL,''),(29,35,'RESOLUCION EJECUTIVA N° 202-2016-ITP/DE','2016-10-11',35346.74,'Reforma el saldo a favor de S/ 45874.31 incluido IGV a S/ 35,346.74 incluido IGV.\n','admin','2017-12-27 10:13:22',NULL,'');
/*!40000 ALTER TABLE `adicional` ENABLE KEYS */;
UNLOCK TABLES;

--
-- Table structure for table `ampliacion_plazo`
--

DROP TABLE IF EXISTS `ampliacion_plazo`;
/*!40101 SET @saved_cs_client     = @@character_set_client */;
/*!40101 SET character_set_client = utf8 */;
CREATE TABLE `ampliacion_plazo` (
  `id_ampliacion_plazo` int(11) NOT NULL AUTO_INCREMENT,
  `id_contrato_proceso_seleccion_item` int(11) NOT NULL,
  `resolucion_aprobacion_ampliacion_plazo` text,
  `fecha_resolucion_aprobacion_ampliacion_plazo` date DEFAULT NULL,
  `plazo_otorgado` int(11) DEFAULT NULL,
  `motivo_generado` text,
  `usuario` varchar(300) DEFAULT NULL,
  `fecha_registro` datetime DEFAULT NULL,
  `fecha_ultima_modificacion` datetime DEFAULT NULL,
  `activo` bit(1) DEFAULT b'1',
  PRIMARY KEY (`id_ampliacion_plazo`),
  KEY `fk_ap_cpsi_idx` (`id_contrato_proceso_seleccion_item`),
  CONSTRAINT `fk_ap_cpsi` FOREIGN KEY (`id_contrato_proceso_seleccion_item`) REFERENCES `contrato_proceso_seleccion_item` (`id_contrato_proceso_seleccion_item`) ON DELETE NO ACTION ON UPDATE NO ACTION
) ENGINE=InnoDB AUTO_INCREMENT=138 DEFAULT CHARSET=utf8;
/*!40101 SET character_set_client = @saved_cs_client */;

--
-- Dumping data for table `ampliacion_plazo`
--

LOCK TABLES `ampliacion_plazo` WRITE;
/*!40000 ALTER TABLE `ampliacion_plazo` DISABLE KEYS */;
INSERT INTO `ampliacion_plazo` VALUES (1,1,'RESOLUCION DE SECRETARIA GENERAL N° 166-2016-ITP/SG','2016-09-12',23,'Atrasos y/o paralizaciones por causas no atribuibles al contratista, ante la falta de absolución de consultas 3, 4 y 5, realizadas en Asiento 41 del Cuaderno de Obra, las mismas que están referidas a la especialidad de instalaciones sanitarias. (pidió 30 días) le dieron 23 [del 30.08 al 22.09 del 2016]','admin','2017-10-30 15:17:39',NULL,''),(2,1,'RESOLUCION DE SECRETARIA GENERAL N° 188-2016-ITP/SG','2016-10-06',23,'Por haberse afectado la Ruta Crítica del cronograma de ejecución de obra por la paralización de partidas de instalaciones aanitarias,por la no absolución de consultas 3, 4 y 5, realizadas en Asiento 41, 67, 149,156 y 157 del Cuaderno de Obra, (pidió 27 días) le dieron 23 [del 22.09 al 15.10 del 2016]','admin','2017-10-30 15:17:39',NULL,''),(3,1,'RESOLUCION DE SECRETARIA GENERAL N° 215-2016-ITP/SG','2016-11-04',30,'Atrasos y/o paralizaciones por causas no atribuibles al contratista, ante la falta de absolución de consultas 3, 4 y 5, realizadas en Asientos 67, 149, 156 y 196 del Cuaderno de Obra, las mismas que están referidas a la especialidad de instalaciones sanitarias. (pidió 30 días) le dieron 23 [del 16.10 al 14.11 del 2016]','admin','2017-10-30 15:17:39',NULL,''),(4,1,'RESOLUCION DE SECRETARIA GENERAL N° 239-2016-ITP/SG','2016-12-05',35,'Plazo necesario para la ejecución de la prestación adicional N° 1 aprobada con RE N° 221-ITP/SG, que corresponde a deficiencias encontradas en el expediente técnico al no contemplar costos de instalaciones sanitarias. (35 dc), [del 15.11 al 19.12.2016)','admin','2017-10-30 15:17:39',NULL,''),(5,3,'RESOLUCION DE SECRETARIA GENERAL N° 173-2016-ITP/SG','2016-09-30',24,'Por la no absolución de consultas relacionadas con la agilización de trámites ante empresa eléctrica SEAL de Arequipa, Corte de Techo Metálico en forma de Arco Circular, pues no se puede doblar y sugiere cambio de techo tijerales a dos aguas, modificación del espesor de la plancha de cobertura acanalada de PVC. ','admin','2017-10-30 15:17:39',NULL,''),(6,3,'RESOLUCION DE SECRETARIA GENERAL N° 199-2016-ITP/SG','2016-10-24',24,'Por la no absolución de consultas relacionadas con la agilización de trámites ante empresa eléctrica SEAL de Arequipa, Corte de Techo Metálico en forma de Arco Circular, pues no se puede doblar y sugiere cambio de techo tijerales a dos aguas, modificación del espesor de la plancha de cobertura acanalada de PVC. ','admin','2017-10-30 15:17:39',NULL,''),(7,3,'RESOLUCION DE SECRETARIA GENERAL N° 219-2016-ITP/SG','2016-11-17',24,'Por la no absolución de consultas relacionadas con la agilización de trámites ante empresa eléctrica SEAL de Arequipa, Corte de Techo Metálico en forma de Arco Circular, pues no se puede doblar y sugiere cambio de techo tijerales a dos aguas, modificación del espesor de la plancha de cobertura acanalada de PVC. ','admin','2017-10-30 15:17:39',NULL,''),(8,3,'RESOLUCION DE SECRETARIA GENERAL N° 240-2016-ITP/SG','2016-12-06',24,'Por la no absolución de consultas relacionadas con la agilización de trámites ante empresa eléctrica SEAL de Arequipa, Corte de Techo Metálico en forma de Arco Circular, pues no se puede doblar y sugiere cambio de techo tijerales a dos aguas, modificación del espesor de la plancha de cobertura acanalada de PVC. ','admin','2017-10-30 15:17:39',NULL,''),(9,4,'RESOLUCION DE SECRETARIA GENERAL N° 166-2016-ITP/SG','2016-09-12',23,'Atrasos y/o paralizaciones por causas no atribuibles al contratista, ante la falta de absolución de consultas 3, 4 y 5, realizadas en Asiento 41 del Cuaderno de Obra, las mismas que están referidas a la especialidad de instalaciones sanitarias. (pidió 30 días) le dieron 23 [del 30.08 al 22.09 del 2016].','admin','2017-10-30 15:37:00','2017-11-30 10:49:06',''),(10,4,'RESOLUCION DE SECRETARIA GENERAL N° 188-2016-ITP/SG','2016-10-06',23,'Por haberse afectado la Ruta Crítica del cronograma de ejecución de obra por la paralización de partidas de instalaciones aanitarias,por la no absolución de consultas 3, 4 y 5, realizadas en Asiento 41, 67, 149,156 y 157 del Cuaderno de Obra, (pidió 27 días) le dieron 23 [del 22.09 al 15.10 del 2016]','admin','2017-10-30 15:37:00',NULL,''),(11,4,'RESOLUCION DE SECRETARIA GENERAL N° 215-2016-ITP/SG','2016-11-04',30,'Atrasos y/o paralizaciones por causas no atribuibles al contratista, ante la falta de absolución de consultas 3, 4 y 5, realizadas en Asientos 67, 149, 156 y 196 del Cuaderno de Obra, las mismas que están referidas a la especialidad de instalaciones sanitarias. (pidió 30 días) le dieron 23 [del 16.10 al 14.11 del 2016]','admin','2017-10-30 15:37:00',NULL,''),(12,4,'RESOLUCION DE SECRETARIA GENERAL N° 239-2016-ITP/SG','2016-12-05',35,'Plazo necesario para la ejecución de la prestación adicional N° 1 aprobada con RE N° 221-ITP/SG, que corresponde a deficiencias encontradas en el expediente técnico al no contemplar costos de instalaciones sanitarias. (35 dc), [del 15.11 al 19.12.2016)','admin','2017-10-30 15:37:00',NULL,''),(13,6,'RESOLUCION DE SECRETARIA GENERAL N° 173-2016-ITP/SG','2016-09-30',24,'Por la no absolución de consultas relacionadas con la agilización de trámites ante empresa eléctrica SEAL de Arequipa, Corte de Techo Metálico en forma de Arco Circular, pues no se puede doblar y sugiere cambio de techo tijerales a dos aguas, modificación del espesor de la plancha de cobertura acanalada de PVC. ','admin','2017-10-30 15:37:00',NULL,''),(14,6,'RESOLUCION DE SECRETARIA GENERAL N° 199-2016-ITP/SG','2016-10-24',24,'Por la no absolución de consultas relacionadas con la agilización de trámites ante empresa eléctrica SEAL de Arequipa, Corte de Techo Metálico en forma de Arco Circular, pues no se puede doblar y sugiere cambio de techo tijerales a dos aguas, modificación del espesor de la plancha de cobertura acanalada de PVC. ','admin','2017-10-30 15:37:00',NULL,''),(15,6,'RESOLUCION DE SECRETARIA GENERAL N° 219-2016-ITP/SG','2016-11-17',24,'Por la no absolución de consultas relacionadas con la agilización de trámites ante empresa eléctrica SEAL de Arequipa, Corte de Techo Metálico en forma de Arco Circular, pues no se puede doblar y sugiere cambio de techo tijerales a dos aguas, modificación del espesor de la plancha de cobertura acanalada de PVC. ','admin','2017-10-30 15:37:00',NULL,''),(16,6,'RESOLUCION DE SECRETARIA GENERAL N° 240-2016-ITP/SG','2016-12-06',24,'Por la no absolución de consultas relacionadas con la agilización de trámites ante empresa eléctrica SEAL de Arequipa, Corte de Techo Metálico en forma de Arco Circular, pues no se puede doblar y sugiere cambio de techo tijerales a dos aguas, modificación del espesor de la plancha de cobertura acanalada de PVC. ','admin','2017-10-30 15:37:00',NULL,''),(17,8,'RESOLUCION DE SECRETARIA GENERAL N° 019-2016-ITP/SG','2016-02-23',0,'Declara IMPROCEDENTE la Ampliación de Plazo N° 01, manteniéndose la fecha de culminación de obra, el 11/02/2016.','admin','2017-12-02 02:54:38',NULL,''),(18,9,'RESOLUCION DE SECRETARIA GENERAL N° 070-2016-ITP/SG','2016-06-03',0,'Declara IMPROCEDENTE la Ampliación de Plazo N° 01, manteniendose la fecha de culminación de la Obra al 28/08/2016.','admin','2017-12-02 10:33:53',NULL,''),(19,9,'RESOLUCION DE SECRETARIA GENERAL N°109-2016-ITP/SG.','2016-07-01',0,'Declara IMPROCEDENTE la Ampliación de Plazo N° 02, manteniendose la fecha de culminación de la Obra al 28/08/2016.','admin','2017-12-02 10:34:27',NULL,''),(20,9,'RESOLUCION DE SECRETARIA GENERAL N° 153-2016-ITP/SG','2016-08-29',13,'Declara PROCEDENTE la Ampliación de Plazo N° 03 parcial, por 13 días calendario, difiriéndose la fecha de culminación de la Obra al 10/09/2016.\nOtorgar Ampliación de Plazo N° 01 por 13 días calendario al Consorcio Supervisor Ahuashiyacu, difiriéndose la fecha de culminación del servicio de Supervisión al 10/09/2016.','admin','2017-12-02 10:35:01',NULL,''),(21,9,'RESOLUCION DE SECRETARIA GENERAL N° 154-2016-ITP/SG','2016-08-29',80,'Declara PROCEDENTE la Ampliación de Plazo N° 04 parcial, por 80 días calendario, difiriéndose la fecha de culminación de la Obra al 29/11/2016.\nOtorgar Ampliación de Plazo N° 02 por 80 días calendario al Consorcio Supervisor Ahuashiyacu, difiriéndose la fecha de culminación del servicio de Supervisión al 29/11/2016.','admin','2017-12-02 10:35:45',NULL,''),(22,9,'RESOLUCION DE SECRETARIA GENERAL N° 172-2016-ITP/SG','2016-09-19',12,'Declara PROCEDENTE la Ampliación de Plazo N° 05 parcial, por 32 días calendario, difiriéndose la fecha de culminación de la Obra al 31/12/2016.\nOtorgar Ampliación de Plazo N° 03 por 32 días calendario al Consorcio Supervisor Ahuashiyacu, difiriéndose la fecha de culminación del servicio de Supervisión al 31/12/2016.','admin','2017-12-02 10:36:35',NULL,''),(23,9,'RESOLUCION DE SECRETARIA GENERAL N° 007-2017-ITP/SG','2017-01-12',30,'Declara PROCEDENTE la Ampliación de Plazo N° 06 parcial, por 30 días calendario, difiriéndose la fecha de culminación de la Obra al 30/01/2017.\nOtorgar Ampliación de Plazo N° 04 por 30 días calendario al Consorcio Supervisor Ahuashiyacu, difiriéndose la fecha de culminación del servicio de Supervisión al 30/01/2017.','admin','2017-12-02 10:37:12',NULL,''),(24,9,'RESOLUCION DE SECRETARIA GENERAL N° 010-2017-ITP/SG','2017-01-19',0,'Declara IMPROCEDENTE la Ampliación de Plazo N° 07, manteniendose la fecha de culminación de la Obra al 30/01/2017.','admin','2017-12-02 10:38:14',NULL,''),(25,9,'RESOLUCION DE SECRETARIA GENERAL N° 024-2017-ITP/SG','2017-02-16',30,'Declara PROCEDENTE la Ampliación de Plazo N° 08 por 30 días calendario, difiriéndose la fecha de culminación de la Obra al 01/03/2017.\nOtorgar Ampliación de Plazo N° 05 por 30 días calendario al Consorcio Supervisor Ahuashiyacu, difiriéndose la fecha de culminación del servicio de Supervisión al 01/03/2017.','admin','2017-12-02 10:38:44',NULL,''),(26,9,'RESOLUCION DE SECRETARIA GENERAL N° 052-2017-ITP/SG','2017-03-20',30,'Declara PROCEDENTE la Ampliación de Plazo N° 09, por 30 días calendario, difiriéndose la fecha de culminación de la Obra al 31/03/2017.\nOtorgar Ampliación de Plazo N° 06 por 30 días calendario al Consorcio Supervisor Ahuashiyacu, difiriéndose la fecha de culminación del servicio de Supervisión al  31/03/2017.','admin','2017-12-02 10:39:11',NULL,''),(27,9,'RESOLUCION DE SECRETARIA GENERAL N° 067-2017-ITP/SG','2017-04-20',71,'Declara PROCEDENTE la Ampliación de Plazo N° 10 por 71 días calendario, difiriéndose la fecha de culminación de la Obra al 10/06/2017.\nOtorgar Ampliación de Plazo N° 07 por 71 días calendario al Consorcio Supervisor Ahuashiyacu, difiriéndose la fecha de culminación del servicio de Supervisión al 10/06/2017.','admin','2017-12-02 10:39:40',NULL,''),(28,10,'RESOLUCION DE SECRETARIA GENERAL N° 070-2016-ITP/SG.','2016-06-03',0,'Declara IMPROCEDENTE la Ampliación de Plazo N° 01, manteniendose la fecha de culminación de la Obra al 28/08/2016.','admin','2017-12-02 10:52:56',NULL,''),(29,10,'RESOLUCION DE SECRETARIA GENERAL N°109-2016-ITP/SG','2016-07-01',0,'Declara IMPROCEDENTE la Ampliación de Plazo N° 02, manteniendose la fecha de culminación de la Obra al 28/08/2016.','admin','2017-12-02 10:53:30',NULL,''),(30,10,'RESOLUCION DE SECRETARIA GENERAL N° 153-2016-ITP/SG','2016-08-29',13,'Declara PROCEDENTE la Ampliación de Plazo N° 03 parcial, por 13 días calendario, difiriéndose la fecha de culminación de la Obra al 10/09/2016.\nOtorgar Ampliación de Plazo N° 01 por 13 días calendario al Consorcio Supervisor Ahuashiyacu, difiriéndose la fecha de culminación del servicio de Supervisión al 10/09/2016.','admin','2017-12-02 10:54:15',NULL,''),(31,10,'RESOLUCION DE SECRETARIA GENERAL N° 154-2016-ITP/SG','2016-08-29',80,'Declara PROCEDENTE la Ampliación de Plazo N° 04 parcial, por 80 días calendario, difiriéndose la fecha de culminación de la Obra al 29/11/2016.\nOtorgar Ampliación de Plazo N° 02 por 80 días calendario al Consorcio Supervisor Ahuashiyacu, difiriéndose la fecha de culminación del servicio de Supervisión al 29/11/2016.','admin','2017-12-02 10:55:06',NULL,''),(32,10,'RESOLUCION DE SECRETARIA GENERAL N° 172-2016-ITP/SG','2016-09-19',12,'Declara PROCEDENTE la Ampliación de Plazo N° 05 parcial, por 32 días calendario, difiriéndose la fecha de culminación de la Obra al 31/12/2016.\nOtorgar Ampliación de Plazo N° 03 por 32 días calendario al Consorcio Supervisor Ahuashiyacu, difiriéndose la fecha de culminación del servicio de Supervisión al 31/12/2016.','admin','2017-12-02 10:55:56',NULL,''),(33,10,'RESOLUCION DE SECRETARIA GENERAL N° 007-2017-ITP/SG','2017-01-12',30,'Declara PROCEDENTE la Ampliación de Plazo N° 06 parcial, por 30 días calendario, difiriéndose la fecha de culminación de la Obra al 30/01/2017.\nOtorgar Ampliación de Plazo N° 04 por 30 días calendario al Consorcio Supervisor Ahuashiyacu, difiriéndose la fecha de culminación del servicio de Supervisión al 30/01/2017.','admin','2017-12-02 10:56:32',NULL,''),(34,10,'RESOLUCION DE SECRETARIA GENERAL N° 010-2017-ITP/SG','2017-01-19',0,'Declara IMPROCEDENTE la Ampliación de Plazo N° 07, manteniendose la fecha de culminación de la Obra al 30/01/2017.','admin','2017-12-02 10:57:29',NULL,''),(35,10,'RESOLUCION DE SECRETARIA GENERAL N° 024-2017-ITP/SG','2017-02-16',30,'Declara PROCEDENTE la Ampliación de Plazo N° 08 por 30 días calendario, difiriéndose la fecha de culminación de la Obra al 01/03/2017.\nOtorgar Ampliación de Plazo N° 05 por 30 días calendario al Consorcio Supervisor Ahuashiyacu, difiriéndose la fecha de culminación del servicio de Supervisión al 01/03/2017.','admin','2017-12-02 10:58:08',NULL,''),(36,10,'RESOLUCION DE SECRETARIA GENERAL N° 052-2017-ITP/SG','2017-03-20',30,'Declara PROCEDENTE la Ampliación de Plazo N° 09, por 30 días calendario, difiriéndose la fecha de culminación de la Obra al 31/03/2017.\nOtorgar Ampliación de Plazo N° 06 por 30 días calendario al Consorcio Supervisor Ahuashiyacu, difiriéndose la fecha de culminación del servicio de Supervisión al  31/03/2017.','admin','2017-12-02 10:58:45',NULL,''),(37,10,'RESOLUCION DE SECRETARIA GENERAL N° 067-2017-ITP/SG','2017-04-20',71,'Declara PROCEDENTE la Ampliación de Plazo N° 10 por 71 días calendario, difiriéndose la fecha de culminación de la Obra al 10/06/2017.\nOtorgar Ampliación de Plazo N° 07 por 71 días calendario al Consorcio Supervisor Ahuashiyacu, difiriéndose la fecha de culminación del servicio de Supervisión al 10/06/2017.','admin','2017-12-02 10:59:21',NULL,''),(38,13,'RESOLUCION DE SECRETARIA GENERAL N° 29-2016-ITP/SG','2016-03-21',0,'Declara IMPROCEDENTE la Ampliación de Plazo N° 01.','admin','2017-12-04 10:02:59',NULL,''),(39,15,'RESOLUCION DE SECRETARIA GENERAL N° 044-2016-ITP/SG',NULL,0,'\"Declara IMPROCEDENTE la Ampliación de Plazo solicitada por el Contratista\n\"\n','admin','2017-12-04 10:44:04',NULL,''),(40,15,'RESOLUCION DE SECRETARIA GENERAL N° 045-2016-ITP/SG',NULL,0,'\"Declara IMPROCEDENTE la Ampliación de Plazo solicitada por el Contratista\n\"\n','admin','2017-12-04 10:44:19',NULL,''),(41,15,'RESOLUCION DE SECRETARIA GENERAL N° 020-2017-ITP/SG','2017-09-02',174,'Aprueba la ampliación del plazo N°4 por 174 días calendarios, fijándose la fecha de culminación de obra el 19 de Enero del 2017.\n','admin','2017-12-04 10:44:47',NULL,''),(42,15,'RESOLUCION DE SECRETARIA GENERAL N° 102-2017-ITP/SG',NULL,0,'\"Declara IMPROCEDENTE la Ampliación de Plazo N°5 solicitada por el Contratista\"','admin','2017-12-04 10:45:04',NULL,''),(43,15,'RESOLUCION DE SECRETARIA GENERAL N° 105-2017-ITP/SG',NULL,0,'\"Declara IMPROCEDENTE la Ampliación de Plazo N°5 solicitada por el Contratista\"','admin','2017-12-04 10:45:20',NULL,''),(44,15,'RESOLUCION DE SECRETARIA GENERAL N° 126-2017-ITP/SG','2017-06-16',120,'Aprueba la ampliación del plazo N°7 por 120 días calendarios.','admin','2017-12-04 10:48:06',NULL,''),(45,15,'RESOLUCION DE SECRETARIA GENERAL N° 127-2017-ITP/SG','2017-06-16',60,'Aprueba la ampliación del plazo N°8 por 60 días calendarios.','admin','2017-12-04 10:48:25',NULL,''),(46,16,'RESOLUCION DE SECRETARIA GENERAL N° 177-2016-ITP/SG','2016-09-23',30,'\"Declara PROCEDENTE la Ampliación de Plazo N° 01 por treinta (30) días calendario, postergando la culminación de la obra el 02/11/2016.\nOtorgar al Supervisor la Ampliación de Plazo N° 01, por treinta (30) días calendario, difiriendo la fecha de culminación de la prestación del 03/10/2016 al 02/11/2016.\"','admin','2017-12-06 10:24:26',NULL,''),(47,16,'RESOLUCION DE SECRETARIA GENERAL N° 178-2016-ITP/SG','2016-09-23',0,'Declara IMPROCEDENTE la Ampliación de Plazo N° 02, manteniéndose la fecha de culminación de la obra el 02/11/2016.','admin','2017-12-06 10:24:44',NULL,''),(48,16,'RESOLUCION DE SECRETARIA GENERAL N° 179-2016-ITP/SG','2016-09-23',0,'Declara IMPROCEDENTE la Ampliación de Plazo N° 03, manteniéndose la fecha de culminación de la obra el 02/11/2016.','admin','2017-12-06 10:25:14',NULL,''),(49,16,'RESOLUCION DE SECRETARIA GENERAL N° 180-2016-ITP/SG','2016-09-23',50,'\"Declara PROCEDENTE la Ampliación de Plazo N° 04 parcial, por cincuenta (50) días calendario, difiriéndose la fecha de culminación del 02/11/2016 al 22/12/2016.\nOtorgar Ampliación de Plazo N° 02 por cincuenta (50) días calendario, difiriéndose la fecha de culminación de la prestación de la Supervisión del 02/11/2016 al 22/12/2016\"','admin','2017-12-06 10:26:11',NULL,''),(50,16,'RESOLUCION DE SECRETARIA GENERAL N° 181-2016-ITP/SG','2016-09-26',0,'Declara IMPROCEDENTE la Ampliación de Plazo N° 05, manteniéndose la fecha de culminación.','admin','2017-12-06 10:26:34',NULL,''),(51,16,'RESOLUCION DE SECRETARIA GENERAL N° 254-2016-ITP/SG','2016-12-23',50,'\"Declara PROCEDENTE la Ampliación de Plazo N° 06 parcial, por cincuenta (50) días calendario, siendo la nueva fecha de culminación de la obra el 10/02/2017.\nOtorgar Ampliación de Plazo N° 03 al Supervisor, por cincuenta (50) días calendario difiendo la fecha de culminación de la supervisión al 10/02/2017 y la prestación correspondiente a la recepción y entrega de documentos para liquidación al 12/03/2017\".','admin','2017-12-06 10:27:57',NULL,''),(52,16,'RESOLUCION DE SECRETARIA GENERAL N° 002-2017-ITP/SG','2017-01-05',0,'Declara IMPROCEDENTE la Ampliación de Plazo N° 07, manteniéndose la fecha de culminación de obra el 10/02/2017.','admin','2017-12-06 10:28:24',NULL,''),(53,16,'RESOLUCION DE SECRETARIA GENERAL N° 015-2017-ITP/SG','2017-02-01',0,'Declara IMPROCEDENTE la Ampliación de Plazo N° 08, manteniéndose la fecha de culminación de obra el 10/02/2017.','admin','2017-12-06 10:28:41',NULL,''),(54,16,'RESOLUCION DE SECRETARIA GENERAL N° 025-2017-ITP/SG','2017-02-16',60,'\"Declara PROCEDENTE la Ampliación de Plazo N° 09 parcial por sesenta (60) días calendario, siendo la nueva fecha de culminación de obra el 11/04/2017.\nOtorgar Ampliación de Plazo N° 04, por sesenta (60) días calendario, difiriéndose la prestación de la Supervisión al 11/04/2017 y la prestación de recepción y liquidación al 11/05/2017\".','admin','2017-12-06 10:29:08',NULL,''),(55,16,'RESOLUCION DE SECRETARIA GENERAL N° 049-2017-ITP/SG','2017-03-17',0,'Declara IMPROCEDENTE la Ampliación de Plazo N° 10, manteniéndose la fecha de culminación de obra el 11/04/2017\n','admin','2017-12-06 10:29:40',NULL,''),(56,16,'RESOLUCION DE SECRETARIA GENERAL N° 053-2017-ITP/SG','2017-03-23',0,'Declara IMPROCEDENTE la Ampliación de Plazo N° 11, manteniéndose la fecha de culminación de obra el 11/04/2017.','admin','2017-12-06 10:30:00',NULL,''),(57,16,'RESOLUCION DE SECRETARIA GENERAL N° 069-2017-ITP/SG','2017-04-25',60,'\"Declara PROCEDENTE la Ampliación de Plazo N° 12 por sesenta (60) días calendario, difiriéndose la fecha de culminación de obra al 10/06/2017.\nOtorgar la Ampliación de Plazo N° 05 por sesenta (60) días calendario al Supervisor, difiriéndose la fecha de culminación al 10/06/2017 y el proceso de recepción y liquidación de obra al 10/07/2017\".','admin','2017-12-06 10:30:39',NULL,''),(58,16,'RESOLUCION DE SECRETARIA GENERAL N° 134-2017-ITP/SG','2017-06-21',60,'\"Declara PROCEDENTE la Ampliación de Plazo N° 13 por sesenta (60) días calendario, difiriéndose la fecha de culminación de obra al 09/08/2017.\nOtorgar la Ampliación de Plazo N° 06 por sesenta (60) días calendario al Supervisor, difiriéndose la fecha de culminación al 09/08/2017 y el proceso de recepción y liquidación de obra al 08/09/2017\".','admin','2017-12-06 10:31:01',NULL,''),(59,16,'RESOLUCION DE SECRETARIA GENERAL N° 172-2017-ITP/SG','2017-08-22',13,'\"Declara PARCIALMENTE PROCEDENTE la Ampliación de Plazo N° 14 por trece (13) días calendario, difiriéndose la fecha de culminación de obra al 22/08/2017.\nOtorga al Supervisor la Ampliación de Plazo N° 07 por trece (13) días calendario, prorrogándose la prestación de obra al 22/08/2017 y el proceso de recepción y liquidación al 21/09/2017\".','admin','2017-12-06 10:31:55',NULL,''),(60,17,'RESOLUCION DE SECRETARIA GENERAL N°18-2016-ITP/SG','2016-02-19',16,'Declara PROCEDENTE la Ampliación de Plazo N° 01 por treinta (16) días calendario.','admin','2017-12-06 10:38:23',NULL,''),(61,17,'RESOLUCION DE SECRETARIA GENERAL N° 026-2016-ITP/SG','2016-03-16',14,'Declara PROCEDENTE la Ampliación de Plazo N° 02 por veinte (14) días calendario.','admin','2017-12-06 10:38:40',NULL,''),(62,18,'RESOLUCION DE SECRETARIA GENERAL N° 050-2016-ITP/SG','2016-05-04',2,'\"Declara Procedente la Ampliación de Plazo N° 01, por dos (02) días calendario, difiriendo la fecha de culminación de la obra del 21.05.2016 al 23.05.2016\nOtorgar al Supervisor la Ampliación de Plazo N° 01, por treinta (30) días calendario, difiriendo la fecha de culminación de la prestación del 03 de octubre al 2 de noviembre de 2016\".','admin','2017-12-06 11:24:39',NULL,''),(63,18,'RESOLUCION DE SECRETARIA GENERAL N° 052-2016-ITP/SG','2016-05-09',1,'\"Declara Procedente la Ampliación de Plazo N° 02, por un (01) día calendario, difiriendo la fecha de culminación de la obra del 23.05.2016 al 24.05.2016.\nSe aprueba la Ampliación de Plazo Nº 01, por tres (03) días calendario a favor del Supervisor Consorcio Libra, difiriéndose la fecha de culminación de la Supervisión del 21 al 24 de mayo de 2016\nel vencimiento contractual al 15/07/2016\".','admin','2017-12-06 11:25:01',NULL,''),(64,19,'RESOLUCION DE SECRETARIA GENERAL N° 050-2016-ITP/SG','2016-05-04',2,'\"Declara Procedente la Ampliación de Plazo N° 01, por dos (02) días calendario, difiriendo la fecha de culminación de la obra del 21.05.2016 al 23.05.2016\nOtorgar al Supervisor la Ampliación de Plazo N° 01, por treinta (30) días calendario, difiriendo la fecha de culminación de la prestación del 03 de octubre al 2 de noviembre de 2016\".','admin','2017-12-06 11:30:12',NULL,''),(65,19,'RESOLUCION DE SECRETARIA GENERAL N° 052-2016-ITP/SG','2016-05-09',1,'\"Declara Procedente la Ampliación de Plazo N° 02, por un (01) día calendario, difiriendo la fecha de culminación de la obra del 23.05.2016 al 24.05.2016.\n\nSe aprueba la Ampliación de Plazo Nº 01, por tres (03) días calendario a favor del Supervisor Consorcio Libra, difiriéndose la fecha de culminación de la Supervisión del 21 al 24 de mayo de 2016\nel vencimiento contractual al 15/07/2016.\"','admin','2017-12-06 11:30:40',NULL,''),(66,21,'RESOLUCION DE SECRETARIA GENERAL N° 021-2015-ITP/SG','2015-08-07',0,'Aprueba el expediente técnico del proyecto de inversión, cuyo presupuesto asciende a S/ 2,486,185.90, con código SNIP N° 316626, con plazo de ejecución de 120 días.','admin','2017-12-06 12:20:54',NULL,''),(67,22,'RESOLUCION DE SECRETARIA GENERAL N° 105-2016-ITP/SG','2016-06-28',15,'Prórroga de plazo de 15 dias calendario otorgada al contratista como consecuencia en la demora de la aprobación del proyecto de media tensión de 10 KV. Quedando diferido el vencimiento contractual al 30/07/2016.','admin','2017-12-20 09:41:00',NULL,''),(68,22,'RESOLUCION DE SECRETARIA GENERAL N° 125-2016-ITP/SG','2016-08-14',15,'Prórroga de plazo de 15 dias calendario otorgada al contratista como consecuencia en la demora de la aprobación del proyecto de media tensión de 10 KV. Quedando diferido el vencimiento contractual al 14/08/2016.','admin','2017-12-20 09:41:19',NULL,''),(69,22,'RESOLUCION DE SECRETARIA GENERAL N° 134-2016-ITP/SG','2016-08-01',30,'Prórroga de plazo de 30 dias calendario otorgada al contratista como consecuencia en la demora de la aprobación del proyecto de media tensión de 10 KV. Quedando diferido el vencimiento contractual al 13/09/2016.','admin','2017-12-20 09:41:42',NULL,''),(70,22,'RESOLUCION DE SECRETARIA GENERAL N° 157-2016-ITP/SG','2016-09-05',45,'Ejecución del adicional de obra N° 1, en relacion a la Resolución de Secretaría General N° 134. Quedando diferido el vencimiento contractual al 24/10/2016.','admin','2017-12-20 09:42:03',NULL,''),(71,22,'RESOLUCION DE SECRETARIA GENERAL N° 194-2016-ITP/SG','2016-10-11',45,'Prorroga de plazo de 45 dias calendario otorgada al contratista como consecuencia en la demora en la aprobacion del proyecto de media tension de 10 kv y su correspondiente ejecucion, quedando diferido el vencimiento contractual al 08/11/2016.','admin','2017-12-20 09:42:27',NULL,''),(72,23,'RESOLUCION DE SECRETARIA GENERAL N° 105-2016-ITP/SG','2016-06-28',15,'Prórroga de plazo de 15 dias calendario otorgada al contratista como consecuencia en la demora de la aprobación del proyecto de media tensión de 10 KV. Quedando diferido el vencimiento contractual al 30/06/2016.','admin','2017-12-20 09:53:54',NULL,''),(73,23,'RESOLUCION DE SECRETARIA GENERAL N° 125-2016-ITP/SG','2016-07-14',15,'Prórroga de plazo de 15 dias calendario otorgada al contratista como consecuencia en la demora de la aprobación del proyecto de media tensión de 10 KV. Quedando diferido el vencimiento contractual al 15/07/2016.','admin','2017-12-20 09:54:14',NULL,''),(74,23,'RESOLUCION DE SECRETARIA GENERAL N° 134-2016-ITP/SG','2016-08-01',30,'Prórroga de plazo de 30 dias calendario otorgada al contratista como consecuencia en la demora de la aprobación del proyecto de media tensión de 10 KV. Quedando diferido el vencimiento contractual al 14/08/2016.\n','admin','2017-12-20 09:55:24',NULL,''),(75,23,'RESOLUCION DE SECRETARIA GENERAL N° 157-2016-ITP/SG','2016-09-05',45,'Ejecución del adicional de obra N° 1. Quedando diferido el vencimiento contractual al 24/09/2016.','admin','2017-12-20 10:09:54',NULL,''),(76,23,'RESOLUCION DE SECRETARIA GENERAL N° 194-2016-ITP/SG','2016-10-11',45,'Prorroga de plazo de 45 dias calendario otorgada al contratista como consecuencia en la demora en la aprobacion del proyecto de media tension de 10 kv y su correspondiente ejecucion, quedando diferido el vencimiento contractual al 08/11/2016.','admin','2017-12-20 10:10:45',NULL,''),(77,24,'RESOLUCION DE SECRETARIA GENERAL N° 177-2016-ITP/SG','2016-09-23',30,'Declara PROCEDENTE la Ampliación de Plazo N° 01 por treinta (30) días calendario, postergando la culminación de la obra el 02/11/2016.\nOtorgar al Supervisor la Ampliación de Plazo N° 01, por treinta (30) días calendario, difiriendo la fecha de culminación de la prestación del 03/10/2016 al 02/11/2016.','admin','2017-12-20 12:46:34',NULL,''),(78,24,'RESOLUCION DE SECRETARIA GENERAL N° 178-2016-ITP/SG','2016-09-23',0,'Declara IMPROCEDENTE la Ampliación de Plazo N° 02, manteniéndose la fecha de culminación de la obra el 02/11/2016.','admin','2017-12-20 12:46:53',NULL,''),(79,24,'RESOLUCION DE SECRETARIA GENERAL N° 179-2016-ITP/SG','2016-09-23',0,'Declara IMPROCEDENTE la Ampliación de Plazo N° 03, manteniéndose la fecha de culminación de la obra el 02/11/2016.','admin','2017-12-20 12:47:13',NULL,''),(80,24,'RESOLUCION DE SECRETARIA GENERAL N° 180-2016-ITP/SG','2016-09-23',50,'Declara PROCEDENTE la Ampliación de Plazo N° 04 parcial, por cincuenta (50) días calendario, difiriéndose la fecha de culminación del 02/11/2016 al 22/12/2016.\nOtorgar Ampliación de Plazo N° 02 por cincuenta (50) días calendario, difiriéndose la fecha de culminación de la prestación de la Supervisión del 02/11/2016 al 22/12/2016.','admin','2017-12-20 12:47:42',NULL,''),(81,24,'RESOLUCION DE SECRETARIA GENERAL N° 181-2016-ITP/SG','2016-09-26',0,'Declara IMPROCEDENTE la Ampliación de Plazo N° 05, manteniéndose la fecha de culminación.\n','admin','2017-12-20 12:48:09',NULL,''),(82,24,'RESOLUCION DE SECRETARIA GENERAL N° 254-2016-ITP/SG','2016-12-23',50,'Declara PROCEDENTE la Ampliación de Plazo N° 06 parcial, por cincuenta (50) días calendario, siendo la nueva fecha de culminación de la obra el 10/02/2017.\nOtorgar Ampliación de Plazo N° 03 al Supervisor, por cincuenta (50) días calendario difiendo la fecha de culminación de la supervisión al 10/02/2017 y la prestación correspondiente a la recepción y entrega de documentos para liquidación al 12/03/2017.','admin','2017-12-20 12:48:37',NULL,''),(83,24,'RESOLUCION DE SECRETARIA GENERAL N° 002-2017-ITP/SG','2017-01-05',0,'Declara IMPROCEDENTE la Ampliación de Plazo N° 07, manteniéndose la fecha de culminación de obra el 10/02/2017\n','admin','2017-12-20 12:49:01',NULL,''),(84,24,'RESOLUCION DE SECRETARIA GENERAL N° 015-2017-ITP/SG','2017-02-01',0,'Declara IMPROCEDENTE la Ampliación de Plazo N° 08, manteniéndose la fecha de culminación de obra el 10/02/2017\n','admin','2017-12-20 12:49:24',NULL,''),(85,24,'RESOLUCION DE SECRETARIA GENERAL N° 025-2017-ITP/SG','2017-02-16',60,'\"Declara PROCEDENTE la Ampliación de Plazo N° 09 parcial por sesenta (60) días calendario, siendo la nueva fecha de culminación de obra el 11/04/2017.\nOtorgar Ampliación de Plazo N° 04, por sesenta (60) días calendario, difiriéndose la prestación de la Supervisión al 11/04/2017 y la prestación de recepción y liquidación al 11/05/2017\"','admin','2017-12-20 12:49:49',NULL,''),(86,24,'RESOLUCION DE SECRETARIA GENERAL N° 049-2017-ITP/SG','2017-03-17',0,'Declara IMPROCEDENTE la Ampliación de Plazo N° 10, manteniéndose la fecha de culminación de obra el 11/04/2017.','admin','2017-12-20 12:50:19',NULL,''),(87,24,'RESOLUCION DE SECRETARIA GENERAL N° 053-2017-ITP/SG','2017-03-23',0,'Declara IMPROCEDENTE la Ampliación de Plazo N° 11, manteniéndose la fecha de culminación de obra el 11/04/2017\n','admin','2017-12-20 12:50:38',NULL,''),(88,24,'RESOLUCION DE SECRETARIA GENERAL N° 069-2017-ITP/SG','2017-04-25',60,'Declara PROCEDENTE la Ampliación de Plazo N° 12 por sesenta (60) días calendario, difiriéndose la fecha de culminación de obra al 10/06/2017.\nOtorgar la Ampliación de Plazo N° 05 por sesenta (60) días calendario al Supervisor, difiriéndose la fecha de culminación al 10/06/2017 y el proceso de recepción y liquidación de obra al 10/07/2017.','admin','2017-12-20 12:51:06',NULL,''),(89,24,'RESOLUCION DE SECRETARIA GENERAL N° 134-2017-ITP/SG','2017-06-21',60,'Declara PROCEDENTE la Ampliación de Plazo N° 13 por sesenta (60) días calendario, difiriéndose la fecha de culminación de obra al 09/08/2017.\nOtorgar la Ampliación de Plazo N° 06 por sesenta (60) días calendario al Supervisor, difiriéndose la fecha de culminación al 09/08/2017 y el proceso de recepción y liquidación de obra al 08/09/2017.','admin','2017-12-20 12:51:40',NULL,''),(90,24,'RESOLUCION DE SECRETARIA GENERAL N° 172-2017-ITP/SG','2017-08-22',13,'Declara PARCIALMENTE PROCEDENTE la Ampliación de Plazo N° 14 por trece (13) días calendario, difiriéndose la fecha de culminación de obra al 22/08/2017.\nOtorga al Supervisor la Ampliación de Plazo N° 07 por trece (13) días calendario, prorrogándose la prestación de obra al 22/08/2017 y el proceso de recepción y liquidación al 21/09/2017.','admin','2017-12-20 12:52:11',NULL,''),(91,25,'RESOLUCION DE SECRETARIA GENERAL N° 177-2016-ITP/SG','2016-09-23',30,'\"Declara PROCEDENTE la Ampliación de Plazo N° 01 por treinta (30) días calendario, postergando la culminación de la obra el 02/11/2016.\nOtorgar al Supervisor la Ampliación de Plazo N° 01, por treinta (30) días calendario, difiriendo la fecha de culminación de la prestación del 03/10/2016 al 02/11/2016.\"\n','admin','2017-12-20 15:04:34',NULL,''),(92,25,'RESOLUCION DE SECRETARIA GENERAL N° 178-2016-ITP/SG','2016-09-23',0,'Declara IMPROCEDENTE la Ampliación de Plazo N° 02, manteniéndose la fecha de culminación de la obra el 02/11/2016\n','admin','2017-12-20 15:04:53',NULL,''),(93,25,'RESOLUCION DE SECRETARIA GENERAL N° 179-2016-ITP/SG','2016-09-23',0,'Declara IMPROCEDENTE la Ampliación de Plazo N° 03, manteniéndose la fecha de culminación de la obra el 02/11/2016.','admin','2017-12-20 15:05:17',NULL,''),(94,25,'RESOLUCION DE SECRETARIA GENERAL N° 180-2016-ITP/SG','2016-09-23',50,'Declara PROCEDENTE la Ampliación de Plazo N° 04 parcial, por cincuenta (50) días calendario, difiriéndose la fecha de culminación del 02/11/2016 al 22/12/2016.\nOtorgar Ampliación de Plazo N° 02 por cincuenta (50) días calendario, difiriéndose la fecha de culminación de la prestación de la Supervisión del 02/11/2016 al 22/12/2016','admin','2017-12-20 15:09:22',NULL,''),(95,25,'RESOLUCION DE SECRETARIA GENERAL N° 181-2016-ITP/SG','2016-09-23',0,'Declara IMPROCEDENTE la Ampliación de Plazo N° 05, manteniéndose la fecha de culminación.','admin','2017-12-20 15:10:35',NULL,''),(96,25,'RESOLUCION DE SECRETARIA GENERAL N° 254-2016-ITP/SG','2016-12-23',50,'Declara PROCEDENTE la Ampliación de Plazo N° 06 parcial, por cincuenta (50) días calendario, siendo la nueva fecha de culminación de la obra el 10/02/2017.\nOtorgar Ampliación de Plazo N° 03 al Supervisor, por cincuenta (50) días calendario difiendo la fecha de culminación de la supervisión al 10/02/2017 y la prestación correspondiente a la recepción y entrega de documentos para liquidación al 12/03/2017.','admin','2017-12-20 15:11:32',NULL,''),(97,25,'RESOLUCION DE SECRETARIA GENERAL N° 002-2017-ITP/SG','2017-01-05',50,'Declara IMPROCEDENTE la Ampliación de Plazo N° 07, manteniéndose la fecha de culminación de obra el 10/02/2017.','admin','2017-12-20 15:12:03','2017-12-20 15:15:17',''),(98,25,'RESOLUCION DE SECRETARIA GENERAL N° 015-2017-ITP/SG','2017-02-01',0,'Declara IMPROCEDENTE la Ampliación de Plazo N° 08, manteniéndose la fecha de culminación de obra el 10/02/2017.','admin','2017-12-20 15:15:38',NULL,''),(99,25,'RESOLUCION DE SECRETARIA GENERAL N° 025-2017-ITP/SG','2017-02-16',60,'Declara PROCEDENTE la Ampliación de Plazo N° 09 parcial por sesenta (60) días calendario, siendo la nueva fecha de culminación de obra el 11/04/2017.\nOtorgar Ampliación de Plazo N° 04, por sesenta (60) días calendario, difiriéndose la prestación de la Supervisión al 11/04/2017 y la prestación de recepción y liquidación al 11/05/2017.','admin','2017-12-20 15:16:15',NULL,''),(100,25,'RESOLUCION DE SECRETARIA GENERAL N° 049-2017-ITP/SG','2017-12-27',0,'Declara IMPROCEDENTE la Ampliación de Plazo N° 10, manteniéndose la fecha de culminación de obra el 11/04/2017.','admin','2017-12-20 15:16:46',NULL,''),(101,25,'RESOLUCION DE SECRETARIA GENERAL N° 053-2017-ITP/SG','2018-01-03',0,'Declara IMPROCEDENTE la Ampliación de Plazo N° 11, manteniéndose la fecha de culminación de obra el 11/04/2017\n','admin','2017-12-20 15:17:10',NULL,''),(102,25,'RESOLUCION DE SECRETARIA GENERAL N° 069-2017-ITP/SG','2017-04-25',60,'Declara PROCEDENTE la Ampliación de Plazo N° 12 por sesenta (60) días calendario, difiriéndose la fecha de culminación de obra al 10/06/2017.\nOtorgar la Ampliación de Plazo N° 05 por sesenta (60) días calendario al Supervisor, difiriéndose la fecha de culminación al 10/06/2017 y el proceso de recepción y liquidación de obra al 10/07/2017','admin','2017-12-20 15:19:35',NULL,''),(103,25,'RESOLUCION DE SECRETARIA GENERAL N° 134-2017-ITP/SG','2017-06-21',60,'Declara PROCEDENTE la Ampliación de Plazo N° 13 por sesenta (60) días calendario, difiriéndose la fecha de culminación de obra al 09/08/2017.\nOtorgar la Ampliación de Plazo N° 06 por sesenta (60) días calendario al Supervisor, difiriéndose la fecha de culminación al 09/08/2017 y el proceso de recepción y liquidación de obra al 08/09/2017.','admin','2017-12-20 15:22:12',NULL,''),(104,25,'RESOLUCION DE SECRETARIA GENERAL N° 172-2017-ITP/SG','2017-08-22',13,'Declara PARCIALMENTE PROCEDENTE la Ampliación de Plazo N° 14 por trece (13) días calendario, difiriéndose la fecha de culminación de obra al 22/08/2017.\nOtorga al Supervisor la Ampliación de Plazo N° 07 por trece (13) días calendario, prorrogándose la prestación de obra al 22/08/2017 y el proceso de recepción y liquidación al 21/09/2017.','admin','2017-12-20 15:22:39',NULL,''),(105,26,'RESOLUCION DE SECRETARIA GENERAL N° 069-2016-ITP/SG','2016-06-02',26,'Otorgar al Supervisor la Ampliación de Plazo N° 01, por veintiséis (26) días calendario, difiriendo la fecha de culminación de la prestación del 29/04/2016 al 25/05/2016. Declara improcedente la solicitud de mayores prestaciones adicionales por la suma de S/ 18835.20.','admin','2017-12-21 11:12:26',NULL,''),(106,27,'RESOLUCION DE SECRETARIA GENERAL N° 053-2016-ITP/SG','2016-05-11',15,'\"Declara PROCEDENTE la Ampliación de Plazo N° 01 por treinta (15) días calendario, postergando la culminación de la obra el 14/05/2016.','admin','2017-12-21 11:18:41',NULL,''),(107,27,'RESOLUCION DE SECRETARIA GENERAL N° 060-2016-ITP/SG','2016-05-25',11,'Declara PROCEDENTE la Ampliación de Plazo N° 02 por once (11) días calendario, postergando la culminación de la obra el 25/05/2016.','admin','2017-12-21 11:19:06',NULL,''),(108,27,'RESOLUCION DE SECRETARIA GENERAL N° 075-2016-ITP/SG','2016-06-08',15,'Declara PROCEDENTE la Ampliación de Plazo N° 03 por quince (15) días calendario, postergando la culminación de la obra el 09/06/2016.','admin','2017-12-21 11:19:24',NULL,''),(109,28,'Resolución de Secretaría General N° 158-2016-ITP/SG','2016-09-07',33,'\"Se declara PROCEDENTE la Ampliación de Plazo N° 02 por 33 días calendario, siendo la nueva fecha de culminación de la Obra el 28/09/2016.\nOtorgar Ampliación de Plazo N° 01 por 33 días calendario en favor del Ing. José Luis Bendayan Miguel, siendo la nueva fecha de culminación de la Obra, el 28/09/2016\"\n','admin','2017-12-21 12:32:54',NULL,''),(110,28,'Resolución de Secretaría General N° 192-2016-ITP/SG','2016-10-11',25,'Se declara PROCEDENTE la Ampliación de Plazo N° 03 por 25 días calendario, siendo la nueva fecha de culminación de la Obra el 23/10/2016.\nOtorgar Ampliación de Plazo N° 02 por 25 días calendario en favor del Ing. José Luis Bendayan Miguel, siendo la nueva fecha de culminación de la Obra, el 23/10/2016','admin','2017-12-21 12:33:20',NULL,''),(111,28,'Resolución de Secretaría General N° 217-2016-ITP/SG','2016-11-07',19,'Se declara PROCEDENTE la Ampliación de Plazo N° 04 por 19 días calendario, siendo la nueva fecha de culminación de la Obra el 11/11/2016.\nOtorgar Ampliación de Plazo N° 03 por 19 días calendario en favor del Ing. José Luis Bendayan Miguel, siendo la nueva fecha de culminación de la Obra, el 11/11/2016.','admin','2017-12-21 12:33:53',NULL,''),(112,28,'Resolución de Secretaría General N° 237-2016-ITP/SG','2016-12-05',14,'Se declara PROCEDENTE la Ampliación de Plazo N° 06 por 14 días calendario, siendo la nueva fecha de culminación de la Obra el 25/11/2016.\nOtorgar Ampliación de Plazo N° 04 por 14 días calendario en favor del Ing. José Luis Bendayan Miguel, siendo la nueva fecha de culminación de la Obra, el 25/11/2016.','admin','2017-12-21 12:34:19',NULL,''),(113,29,'Resolución de Secretaría General N° 131-2016-ITP/SG','2016-07-26',0,'Se declara IMPROCEDENTE la ampliación de plazo N° 01 por 47 días calendario, manteniéndose como fecha de culminación de Obra el 26 de agosto de 2016.','admin','2017-12-21 12:48:47',NULL,''),(114,29,'Resolución de Secretaría General N° 158-2016-ITP/SG','2016-09-07',33,'Se declara PROCEDENTE la Ampliación de Plazo N° 02 por 33 días calendario, siendo la nueva fecha de culminación de la Obra el 28/09/2016.\nOtorgar Ampliación de Plazo N° 01 por 33 días calendario en favor del Ing. José Luis Bendayan Miguel, siendo la nueva fecha de culminación de la Obra, el 28/09/2016.','admin','2017-12-21 12:49:10',NULL,''),(115,29,'Resolución de Secretaría General N° 192-2016-ITP/SG','2016-10-11',25,'Se declara PROCEDENTE la Ampliación de Plazo N° 03 por 25 días calendario, siendo la nueva fecha de culminación de la Obra el 23/10/2016.\nOtorgar Ampliación de Plazo N° 02 por 25 días calendario en favor del Ing. José Luis Bendayan Miguel, siendo la nueva fecha de culminación de la Obra, el 23/10/2016.','admin','2017-12-21 12:49:40',NULL,''),(116,29,'Resolución de Secretaría General N° 217-2016-ITP/SG','2016-11-07',19,'Se declara PROCEDENTE la Ampliación de Plazo N° 04 por 19 días calendario, siendo la nueva fecha de culminación de la Obra el 11/11/2016.\nOtorgar Ampliación de Plazo N° 03 por 19 días calendario en favor del Ing. José Luis Bendayan Miguel, siendo la nueva fecha de culminación de la Obra, el 11/11/2016.','admin','2017-12-21 12:50:15',NULL,''),(117,29,'Resolución de Secretaría General N° 233-2016-ITP/SG','2016-11-29',0,'Se declara IMPROCEDENTE la ampliación de plazo N° 05 por 20 días calendario, manteniéndose como fecha de culminación de Obra el 11 de noviembre de 2016.','admin','2017-12-21 12:50:33',NULL,''),(118,29,'Resolución de Secretaría General N° 237-2016-ITP/SG','2016-12-05',14,'Se declara PROCEDENTE la Ampliación de Plazo N° 06 por 14 días calendario, siendo la nueva fecha de culminación de la Obra el 25/11/2016.\nOtorgar Ampliación de Plazo N° 04 por 14 días calendario en favor del Ing. José Luis Bendayan Miguel, siendo la nueva fecha de culminación de la Obra, el 25/11/2016.','admin','2017-12-21 12:51:07',NULL,''),(119,30,'RESOLUCION DE SECRETARIA GENERAL N° 150-2016-ITP/SG','2016-09-13',0,'Declara PROCEDENTE la Ampliación de Plazo N° 01 la supervision de obra.','admin','2017-12-21 17:30:05',NULL,''),(120,30,'RESOLUCION DE SECRETARIA GENERAL N° 161-2016-ITP/SG','2016-09-09',0,'Declara PROCEDENTE la Ampliación de Plazo N° 02 la supervision de obra.','admin','2017-12-21 17:30:25',NULL,''),(121,30,'RESOLUCION DE SECRETARIA GENERAL N° 191-2016-ITP/SG','2016-10-10',0,'Declara PROCEDENTE la Ampliación de Plazo N° 03 la supervision de obra. ','admin','2017-12-21 17:30:41',NULL,''),(122,30,'RESOLUCION DE SECRETARIA GENERAL N° 241-2016-ITP/SG','2016-12-06',0,'Declara PROCEDENTE la Ampliación de Plazo N° 04 la supervision de obra.','admin','2017-12-21 17:36:32',NULL,''),(123,30,'RESOLUCION DE SECRETARIA GENERAL N° 257-2016-ITP/SG','2016-12-17',0,'Declara PROCEDENTE la Ampliación de Plazo N° 05 la supervision de obra.','admin','2017-12-21 17:36:51',NULL,''),(124,31,'RESOLUCION DE SECRETARIA GENERAL N° 007-2016-ITP/SG','2016-02-02',0,'Declara IMPROCEDENTE la Ampliación de Plazo N° 01 por dos (02) días calendario, manteniendose como fecha de culmincacion de la obra el 16 de agosto de 2016 .','admin','2017-12-25 14:51:50',NULL,''),(125,31,'RESOLUCION DE SECRETARIA GENERAL N° 027-2016-ITP/SG','2016-03-17',0,'Declara IMPROCEDENTE la Ampliación de Plazo N° 02, manteniendose como fecha de culmincacion de la obra el 16 de agosto de 2016 .\n','admin','2017-12-25 14:52:14',NULL,''),(126,31,'RESOLUCION DE SECRETARIA GENERAL N° 032-2016-ITP/SG','2016-03-20',0,'Declara IMPROCEDENTE la Ampliación de Plazo N° 03, manteniendose como fecha de culmincacion de la obra el 16 de agosto de 2016 .\n','admin','2017-12-25 14:52:28',NULL,''),(127,31,'RESOLUCION DE SECRETARIA GENERAL N° 036-2016-ITP/SG','2016-04-06',0,'Declara IMPROCEDENTE la Ampliación de Plazo N° 04, manteniendose como fecha de culmincacion de la obra el 16 de agosto de 2016 .\n','admin','2017-12-25 14:52:41',NULL,''),(128,31,'RESOLUCION DE SECRETARIA GENERAL N° 181-2016-ITP/SG','2016-09-26',0,'Declara IMPROCEDENTE la Ampliación de Plazo N° 05, manteniéndose la fecha de culminación\n','admin','2017-12-25 14:52:57',NULL,''),(129,31,'RESOLUCION DE SECRETARIA GENERAL N° 047-2016-ITP/SG','2016-05-03',0,'Declara IMPROCEDENTE la Ampliación de Plazo N° 06, manteniéndose la fecha de culminación.','admin','2017-12-25 14:53:49',NULL,''),(130,31,'RESOLUCION DE SECRETARIA GENERAL N° 111-2016-ITP/SG','2016-07-05',14,'Declara PROCEDENTE la Ampliación de Plazo N° 07, por 14 dias calendarios fijandose la fecha de culminación de obra el 30/08/2016.\n','admin','2017-12-25 14:54:05',NULL,''),(131,31,'RESOLUCION DE SECRETARIA GENERAL N° 150-2016-ITP/SG','2016-09-13',14,'Declara PROCEDENTE la Ampliación de Plazo N° 08, por 14 dias calendarios \n','admin','2017-12-25 14:54:22',NULL,''),(132,31,'RESOLUCION DE SECRETARIA GENERAL N° 162-2016-ITP/SG','2016-09-09',14,'Declara PROCEDENTE la Ampliación de Plazo N° 09, por 14 dias calendarios \n','admin','2017-12-25 14:54:42',NULL,''),(133,31,'RESOLUCION DE SECRETARIA GENERAL N° 161-2016-ITP/SG','2016-09-09',0,'Declara IMPROCEDENTE la Ampliación de Plazo N° 10, manteniéndose la fecha de culminación de obra el 20/10/2016.\n','admin','2017-12-25 14:54:56',NULL,''),(134,31,'RESOLUCION DE SECRETARIA GENERAL N° 191-2016-ITP/SG','2016-10-10',38,'Declara PROCEDENTE la Ampliación de Plazo N° 11, por 38 dias calendario.\n','admin','2017-12-25 14:55:12',NULL,''),(135,31,'RESOLUCION DE SECRETARIA GENERAL N° 241-2016-ITP/SG','2016-12-06',9,'Declara PROCEDENTE la Ampliación de Plazo N° 12, por 9 dias calendario, siendo la nueva fecha de culminacion    06 /12/2016 fecha.\n','admin','2017-12-25 14:55:47',NULL,''),(136,31,'RESOLUCION DE SECRETARIA GENERAL N° 256-2016-ITP/SG','2016-12-26',0,'Declara IMPROCEDENTE la Ampliación de Plazo N° 13\n','admin','2017-12-25 14:56:01',NULL,''),(137,31,'RESOLUCION DE SECRETARIA GENERAL N° 257-2016-ITP/SG','2016-12-26',11,'Declara PROCEDENTE la Ampliación de Plazo N° 14, por 11 dias calendario.\n','admin','2017-12-25 14:56:17',NULL,'');
/*!40000 ALTER TABLE `ampliacion_plazo` ENABLE KEYS */;
UNLOCK TABLES;

--
-- Table structure for table `componentes`
--

DROP TABLE IF EXISTS `componentes`;
/*!40101 SET @saved_cs_client     = @@character_set_client */;
/*!40101 SET character_set_client = utf8 */;
CREATE TABLE `componentes` (
  `id_componente` int(11) NOT NULL AUTO_INCREMENT,
  `id_proyecto` int(11) NOT NULL,
  `id_tipo_componente` int(11) DEFAULT NULL,
  `componente` varchar(100) DEFAULT NULL,
  `monto_componente_viable` decimal(18,2) DEFAULT NULL,
  `observacion` text,
  `usuario` varchar(300) DEFAULT NULL,
  `fecha_registro` datetime DEFAULT NULL,
  `fecha_ultima_modificacion` datetime DEFAULT NULL,
  `activo` bit(1) DEFAULT b'1',
  PRIMARY KEY (`id_componente`),
  KEY `fk_componente_dp_idx` (`id_proyecto`),
  CONSTRAINT `fk_componente_dp` FOREIGN KEY (`id_proyecto`) REFERENCES `datos_proyecto` (`id_proyecto`) ON DELETE NO ACTION ON UPDATE NO ACTION
) ENGINE=InnoDB AUTO_INCREMENT=148 DEFAULT CHARSET=utf8;
/*!40101 SET character_set_client = @saved_cs_client */;

--
-- Dumping data for table `componentes`
--

LOCK TABLES `componentes` WRITE;
/*!40000 ALTER TABLE `componentes` DISABLE KEYS */;
INSERT INTO `componentes` VALUES (1,1,2,'Expediente Técnico',357588.00,'','admin','2017-12-01 21:31:55','2018-01-15 16:11:07',''),(2,1,3,'Infraestructura',7021278.00,'','admin','2017-12-01 21:41:20','2018-01-15 16:11:12',''),(3,1,4,'Equipamiento',5315437.00,'','admin','2017-12-01 21:43:22','2018-01-15 16:11:17',''),(4,1,7,'Capacitación y Asistencia Técnica',2716749.00,'','admin','2017-12-01 21:43:51','2018-01-15 16:11:23',''),(5,1,9,'Transferencia Tecnológica',3248829.00,'','admin','2017-12-01 21:44:05','2018-01-15 16:11:30',''),(6,1,5,'Supervisión',364016.00,'','admin','2017-12-01 21:45:07','2018-01-15 16:11:35',''),(7,1,6,'Gestión del Proyecto',556000.00,'','admin','2017-12-01 21:45:26','2018-01-15 16:11:41',''),(8,2,2,'Expediente Técnico',59856.00,'','admin','2017-12-02 02:25:35','2018-01-15 16:13:18',''),(9,2,3,'Infraestructura',1292463.00,'','admin','2017-12-02 02:25:54','2018-01-15 16:13:24',''),(10,2,4,'Equipamiento',2678961.00,'','admin','2017-12-02 02:26:09','2018-01-15 16:13:30',''),(11,2,8,'Fortalecimiento de Capacidades',2404040.00,'','admin','2017-12-02 02:26:26','2018-01-15 16:13:58',''),(12,2,9,'Transferencia Tecnológica',4984050.00,'','admin','2017-12-02 02:26:49','2018-01-15 16:14:04',''),(13,2,5,'Supervisión',52948.00,'','admin','2017-12-02 02:27:06','2018-01-15 16:14:21',''),(14,2,6,'Gestión del Proyecto',1191904.00,'','admin','2017-12-02 02:27:22','2018-01-15 16:14:29',''),(15,3,2,'Expediente Técnico',55000.00,'','admin','2017-12-02 02:36:38','2018-01-15 15:31:23',''),(16,3,3,'Infraestructura',657850.00,'','admin','2017-12-02 02:36:53','2018-01-15 15:31:29',''),(17,3,4,'Equipamiento',251710.00,'','admin','2017-12-02 02:37:09','2018-01-15 15:31:36',''),(18,3,9,'Transferencia Tecnológica',62194.00,'','admin','2017-12-02 02:37:33','2018-01-15 15:40:22',''),(19,3,6,'Gestión del Proyecto',59550.00,'','admin','2017-12-02 02:37:47','2018-01-15 15:40:28',''),(20,3,5,'Supervisión',30881.00,'','admin','2017-12-02 02:38:04','2018-01-15 15:40:33',''),(21,4,2,'Expediente Técnico',157834.00,'','admin','2017-12-02 10:22:54','2018-01-15 16:16:08',''),(22,4,4,'Equipamiento',10000.00,'','admin','2017-12-02 10:23:07','2018-01-15 16:16:14',''),(23,4,3,'Infraestructura',6194244.00,'','admin','2017-12-02 10:23:21','2018-01-15 16:16:21',''),(24,4,9,'Transferencia Tecnológica',1618672.00,'','admin','2017-12-02 10:23:39','2018-01-15 16:16:27',''),(25,4,6,'Gestión del Proyecto',667096.00,'','admin','2017-12-02 10:23:53','2018-01-15 16:16:34',''),(26,4,4,'Equipamiento',3167472.00,'','admin','2017-12-02 10:24:31','2018-01-15 16:16:44',''),(27,4,5,'Supervisión',280237.00,'','admin','2017-12-02 10:24:48','2018-01-15 16:16:51',''),(28,4,7,'Capacitación y Asistencia Técnica',1328050.00,'','admin','2017-12-02 10:25:05','2018-01-15 16:17:01',''),(29,5,2,'Expediente Técnico',265486.00,'','admin','2017-12-04 02:08:09','2018-01-15 15:27:56',''),(30,5,3,'Infraestructura',3798723.00,'','admin','2017-12-04 02:08:19','2018-01-15 15:28:03',''),(31,5,4,'Equipamiento',5087921.00,'','admin','2017-12-04 02:08:31','2018-01-15 15:28:10',''),(32,5,7,'Capacitación y Asistencia Técnica',549600.00,'','admin','2017-12-04 02:08:46','2018-01-15 15:28:26',''),(33,5,6,'Gestión del Proyecto',146500.00,'','admin','2017-12-04 02:09:03','2018-01-15 15:29:02',''),(34,5,5,'Supervisión',150949.00,'','admin','2017-12-04 02:09:15','2018-01-15 15:29:20',''),(35,6,2,'Expediente Técnico',72131.00,'','admin','2017-12-04 09:42:34','2018-01-15 16:03:43',''),(36,6,3,'Infraestructura',1350253.00,'','admin','2017-12-04 09:42:43','2018-01-15 16:03:50',''),(37,6,4,'Equipamiento',1137006.00,'','admin','2017-12-04 09:42:53','2018-01-15 16:03:57',''),(38,6,6,'Gestión del Proyecto',267599.00,'','admin','2017-12-04 09:43:03','2018-01-15 16:04:15',''),(39,6,8,'Fortalecimiento de Capacidades',570440.00,'','admin','2017-12-04 09:43:14','2018-01-15 16:04:21',''),(40,6,5,'Supervisión',74260.00,'','admin','2017-12-04 09:43:23','2018-01-15 16:04:38',''),(41,6,9,'Transferencia Tecnológica',1720000.00,'','admin','2017-12-04 09:43:31','2018-01-15 16:04:45',''),(42,7,2,'Expediente Técnico',175662.00,'','admin','2017-12-04 10:18:20','2018-01-15 15:55:58',''),(43,7,3,'Infraestructura',2474712.00,'','admin','2017-12-04 10:18:30','2018-01-15 15:56:03',''),(44,7,4,'Equipamiento',4286646.00,'','admin','2017-12-04 10:18:39','2018-01-15 15:56:09',''),(45,7,8,'Fortalecimiento de Capacidades',1840259.00,'','admin','2017-12-04 10:18:51','2018-01-15 15:56:25',''),(46,7,6,'Gestión del Proyecto',336680.00,'','admin','2017-12-04 10:19:05','2018-01-15 16:01:12',''),(47,7,5,'Supervisión',136109.00,'','admin','2017-12-04 10:19:20','2018-01-15 16:01:17',''),(48,7,10,'Estudio de Impacto Ambiental',50000.00,'','admin','2017-12-04 10:19:31','2018-01-15 16:01:26',''),(49,7,12,'Estudio de Linea Base',20000.00,'','admin','2017-12-04 10:19:43','2018-01-15 16:01:33',''),(50,8,2,'Expediente Técnico',140000.00,'','admin','2017-12-04 11:13:17','2018-01-15 16:06:13',''),(51,8,3,'Infraestructura',3720640.00,'','admin','2017-12-04 11:13:26','2018-01-15 16:06:19',''),(52,8,4,'Equipamiento',1391950.00,'','admin','2017-12-04 11:13:38','2018-01-15 16:06:24',''),(53,8,7,'Capacitación y Asistencia Técnica',1311420.00,'','admin','2017-12-04 11:13:48','2018-01-15 16:06:30',''),(54,8,9,'Transferencia Tecnológica',1773430.00,'','admin','2017-12-04 11:13:56','2018-01-15 16:06:42',''),(55,8,5,'Supervisión',106884.00,'','admin','2017-12-04 11:14:07','2018-01-15 16:06:48',''),(56,8,6,'Gestión del Proyecto',208000.00,'','admin','2017-12-04 11:14:18','2018-01-15 16:06:58',''),(57,8,10,'Estudio de Impacto Ambiental',60000.00,'','admin','2017-12-04 11:14:27','2018-01-15 16:07:04',''),(58,8,12,'Estudio de Linea Base',180000.00,'','admin','2017-12-04 11:14:38','2018-01-15 16:07:10',''),(59,8,11,'Evaluación Expost',25000.00,'','admin','2017-12-04 11:14:47','2018-01-15 16:07:18',''),(60,9,2,'Expediente Técnico',762729.00,'','admin','2017-12-04 11:23:10','2018-01-15 16:14:51',''),(61,9,3,'Infraestructura',33909037.00,'','admin','2017-12-04 11:23:18','2018-01-15 16:14:57',''),(62,9,4,'Equipamiento',27396753.00,'','admin','2017-12-04 11:23:26','2018-01-15 16:15:03',''),(63,9,6,'Gestión del Proyecto',1327200.00,'','admin','2017-12-04 11:23:35','2018-01-15 16:15:09',''),(64,9,8,'Fortalecimiento de Capacidades',4263409.00,'','admin','2017-12-04 11:23:45','2018-01-15 16:15:16',''),(65,9,5,'Supervisión',1391644.00,'','admin','2017-12-04 11:23:53','2018-01-15 16:15:22',''),(66,9,12,'Estudio de Linea Base',223126.00,'','admin','2017-12-04 11:24:02','2018-01-15 16:15:30',''),(67,9,10,'Estudio de Impacto Ambiental',200000.00,'','admin','2017-12-04 11:24:15','2018-01-15 16:15:36',''),(68,9,8,'Fortalecimiento de Capacidades',1431406.00,'','admin','2017-12-04 11:24:23','2018-01-15 16:15:50',''),(69,10,2,'Expediente Técnico',118595.00,'','admin','2017-12-06 10:14:09','2018-01-15 15:51:22',''),(70,10,3,'Infraestructura',2330852.00,'','admin','2017-12-06 10:14:18','2018-01-15 15:51:28',''),(71,10,4,'Equipamiento',2082002.00,'','admin','2017-12-06 10:16:28','2018-01-15 15:51:34',''),(72,10,8,'Fortalecimiento de Capacidades',1366096.00,'','admin','2017-12-06 10:16:41','2018-01-15 15:52:07',''),(73,10,9,'Transferencia Tecnológica',2712000.00,'','admin','2017-12-06 10:16:51','2018-01-15 15:52:14',''),(74,10,5,'Supervisión',140000.00,'','admin','2017-12-06 10:17:14','2018-01-15 15:52:20',''),(75,10,10,'Estudio de Impacto Ambiental',150821.00,'','admin','2017-12-06 10:17:30','2018-01-15 15:52:30',''),(76,10,12,'Estudio de Linea Base',150000.00,'','admin','2017-12-06 10:17:56','2018-01-15 15:52:35',''),(77,10,6,'Gestión del Proyecto',635000.00,'','admin','2017-12-06 10:18:08','2018-01-15 15:52:43',''),(78,11,2,'Expediente Técnico',75402.00,'','admin','2017-12-06 11:13:27','2018-01-15 15:53:14',''),(79,11,3,'Infraestructura',2513401.00,'','admin','2017-12-06 11:13:37','2018-01-15 15:53:20',''),(80,11,4,'Equipamiento',1588480.00,'','admin','2017-12-06 11:13:48','2018-01-15 15:54:48',''),(81,11,8,'Fortalecimiento de Capacidades',566831.00,'','admin','2017-12-06 11:13:57','2018-01-15 15:54:58',''),(82,11,9,'Transferencia Tecnológica',1193250.00,'','admin','2017-12-06 11:14:07','2018-01-15 15:55:08',''),(83,11,5,'Supervisión',87969.00,'','admin','2017-12-06 11:14:30','2018-01-15 15:55:17',''),(84,11,6,'Gestión del Proyecto',134699.00,'','admin','2017-12-06 11:14:41','2018-01-15 15:55:28',''),(85,11,12,'Estudio de Linea Base',20000.00,'','admin','2017-12-06 11:14:50','2018-01-15 15:55:34',''),(86,11,10,'Estudio de Impacto Ambiental',30000.00,'','admin','2017-12-06 11:15:10','2018-01-15 15:55:40',''),(87,12,2,'Expediente Técnico',221587.00,'','admin','2017-12-06 12:06:25','2018-01-15 16:08:53',''),(88,12,3,'Infraestructura',3852790.00,'','admin','2017-12-06 12:06:35','2018-01-15 16:08:59',''),(89,12,4,'Equipamiento',1221782.00,'','admin','2017-12-06 12:06:44','2018-01-15 16:09:04',''),(90,12,7,'Capacitación y Asistencia Técnica',212833.00,'','admin','2017-12-06 12:06:54','2018-01-15 16:09:14',''),(91,12,9,'Transferencia Tecnológica',964050.00,'','admin','2017-12-06 12:07:02','2018-01-15 16:09:24',''),(92,12,5,'Supervisión',183800.00,'','admin','2017-12-06 12:07:14','2018-01-15 16:09:29',''),(93,12,6,'Gestión del Proyecto',518000.00,'','admin','2017-12-06 12:07:24','2018-01-15 16:09:34',''),(94,13,2,'Expediente Técnico',128841.00,'','admin','2017-12-20 09:31:39','2018-01-15 15:48:13',''),(95,13,3,'Infraestructura',4337799.00,'','admin','2017-12-20 09:31:47','2018-01-15 15:48:18',''),(96,13,4,'Equipamiento',3654630.00,'','admin','2017-12-20 09:31:56','2018-01-15 15:48:29',''),(97,13,8,'Fortalecimiento de Capacidades',1320743.00,'','admin','2017-12-20 09:32:06','2018-01-15 15:48:35',''),(98,13,9,'Transferencia Tecnológica',2047500.00,'','admin','2017-12-20 09:32:19','2018-01-15 15:48:45',''),(99,13,5,'Supervisión',214735.00,'','admin','2017-12-20 09:32:29','2018-01-15 15:48:50',''),(100,13,6,'Gestión del Proyecto',256399.00,'','admin','2017-12-20 09:32:39','2018-01-15 15:49:24',''),(101,13,12,'Estudio de Linea Base',20000.00,'','admin','2017-12-20 09:32:50','2018-01-15 15:49:29',''),(102,13,10,'Estudio de Impacto Ambiental',70000.00,'','admin','2017-12-20 09:33:02','2018-01-15 15:49:38',''),(103,14,2,'Expediente Técnico',870682.00,'','admin','2017-12-20 12:39:22','2018-01-15 16:02:03',''),(104,14,3,'Infraestructura',20472983.00,'','admin','2017-12-20 12:39:30','2018-01-15 16:02:08',''),(105,14,4,'Equipamiento',19719170.00,'','admin','2017-12-20 12:40:04','2018-01-15 16:02:13',''),(106,14,6,'Gestión del Proyecto',270000.00,'','admin','2017-12-20 12:40:13','2018-01-15 16:02:19',''),(107,14,7,'Capacitación y Asistencia Técnica',1800000.00,'','admin','2017-12-20 12:40:25','2018-01-15 16:02:55',''),(108,14,5,'Supervisión',403560.00,'','admin','2017-12-20 12:40:36','2018-01-15 16:02:38',''),(109,14,9,'Transferencia Tecnológica',1950000.00,'','admin','2017-12-20 12:40:45','2018-01-15 16:03:01',''),(110,14,10,'Estudio de Impacto Ambiental',95816.00,'','admin','2017-12-20 12:40:54','2018-01-15 16:03:05',''),(111,15,2,'Expediente Técnico',202051.00,'','admin','2017-12-21 10:56:31','2018-01-15 16:07:35',''),(112,15,3,'Infraestructura',5068363.00,'','admin','2017-12-21 10:56:40','2018-01-15 16:07:40',''),(113,15,4,'Equipamiento',3435242.00,'','admin','2017-12-21 10:56:48','2018-01-15 16:07:45',''),(114,15,6,'Gestión del Proyecto',214000.00,'','admin','2017-12-21 10:56:57','2018-01-15 16:07:52',''),(115,15,9,'Transferencia Tecnológica',40000.00,'','admin','2017-12-21 10:57:14','2018-01-15 16:08:00',''),(116,15,5,'Supervisión',152051.00,'','admin','2017-12-21 11:00:17','2018-01-15 16:08:05',''),(117,15,8,'Fortalecimiento de Capacidades',881696.00,'','admin','2017-12-21 11:00:26','2018-01-15 16:08:16',''),(118,16,2,'Expediente Técnico',105000.00,'','admin','2017-12-21 12:26:19','2018-01-15 15:46:49',''),(119,16,3,'Infraestructura',5911114.00,'','admin','2017-12-21 12:26:28','2018-01-15 15:46:58',''),(120,16,7,'Capacitación y Asistencia Técnica',1547543.00,'','admin','2017-12-21 12:26:36','2018-01-15 15:47:06',''),(121,16,8,'Fortalecimiento de Capacidades',1318277.00,'','admin','2017-12-21 12:26:52','2018-01-15 15:47:20',''),(122,16,6,'Gestión del Proyecto',194000.00,'','admin','2017-12-21 12:27:02','2018-01-15 15:47:27',''),(123,16,5,'Supervisión',113604.00,'','admin','2017-12-21 12:27:12','2018-01-15 15:47:32',''),(124,16,10,'Estudio de Impacto Ambiental',25000.00,'','admin','2017-12-21 12:27:21','2018-01-15 15:47:45',''),(125,16,12,'Estudio de Linea Base',20000.00,'','admin','2017-12-21 12:27:32','2018-01-15 15:47:51',''),(126,17,2,'Expediente Técnico',405208.00,'','admin','2017-12-21 16:38:25','2018-01-15 16:10:01',''),(127,17,3,'Infraestructura',7628824.00,'','admin','2017-12-21 16:38:36','2018-01-15 16:10:07',''),(128,17,4,'Equipamiento',4091479.00,'','admin','2017-12-21 16:38:46','2018-01-15 16:10:12',''),(129,17,6,'Gestión del Proyecto',338000.00,'','admin','2017-12-21 16:38:56','2018-01-15 16:10:26',''),(130,17,7,'Capacitación y Asistencia Técnica',326399.00,'','admin','2017-12-21 16:39:06','2018-01-15 16:10:35',''),(131,17,9,'Transferencia Tecnológica',1409801.00,'','admin','2017-12-21 16:39:26','2018-01-15 16:10:40',''),(132,18,2,'Expediente Técnico',238680.00,'','admin','2017-12-26 00:06:30','2018-01-15 16:05:03',''),(133,18,3,'Infraestructura',1350250.00,'','admin','2017-12-26 00:06:40','2018-01-15 16:05:08',''),(134,18,4,'Equipamiento',1576979.00,'','admin','2017-12-26 00:06:51','2018-01-15 16:05:16',''),(135,18,6,'Gestión del Proyecto',680928.00,'','admin','2017-12-26 00:07:02','2018-01-15 16:05:23',''),(136,18,7,'Capacitación y Asistencia Técnica',606715.00,'','admin','2017-12-26 00:07:32','2018-01-15 16:05:29',''),(137,18,5,'Supervisión',67513.00,'','admin','2017-12-26 00:07:43','2018-01-15 16:05:36',''),(138,18,9,'Transferencia Tecnológica',1663175.00,'','admin','2017-12-26 00:07:54','2018-01-15 16:05:44',''),(139,19,2,'Expediente Técnico',257003.00,'','admin','2017-12-27 09:31:44','2018-01-15 16:12:02',''),(140,19,3,'Infraestructura',5438294.00,'','admin','2017-12-27 09:32:05','2018-01-15 16:12:06',''),(141,19,4,'Equipamiento',4753074.00,'','admin','2017-12-27 09:32:23','2018-01-15 16:12:11',''),(142,19,7,'Capacitación y Asistencia Técnica',1618859.00,'','admin','2017-12-27 09:32:39','2018-01-15 16:12:18',''),(143,19,9,'Transferencia Tecnológica',3510000.00,'','admin','2017-12-27 09:33:14','2018-01-15 16:12:25',''),(144,19,5,'Supervisión',591430.00,'','admin','2017-12-27 09:33:41','2018-01-15 16:12:32',''),(145,19,6,'Gestión del Proyecto',466600.00,'','admin','2017-12-27 09:33:58','2018-01-15 16:12:38',''),(146,19,1,'Estudios de Preinversion',54326.00,'','admin','2017-12-27 09:34:12','2018-01-15 16:12:58','');
/*!40000 ALTER TABLE `componentes` ENABLE KEYS */;
UNLOCK TABLES;

--
-- Table structure for table `contrato_proceso_seleccion_item`
--

DROP TABLE IF EXISTS `contrato_proceso_seleccion_item`;
/*!40101 SET @saved_cs_client     = @@character_set_client */;
/*!40101 SET character_set_client = utf8 */;
CREATE TABLE `contrato_proceso_seleccion_item` (
  `id_contrato_proceso_seleccion_item` int(11) NOT NULL AUTO_INCREMENT,
  `id_proceso_seleccion_item` int(11) NOT NULL,
  `fecha_adjudicacion` date DEFAULT NULL,
  `monto_adjudicado` decimal(18,2) DEFAULT NULL,
  `monto_pagado` decimal(18,2) DEFAULT NULL,
  `porcentaje_pagado` decimal(18,2) DEFAULT NULL,
  `contratista_adjudicado` text,
  `ruc_contratista` text,
  `numero_contrato` text,
  `fecha_firma_contrato` date DEFAULT NULL,
  `fecha_entrega_terreno` date DEFAULT NULL,
  `plazo_ejecucion` int(11) DEFAULT NULL,
  `fecha_inicio_plazo_contractual` date DEFAULT NULL,
  `total_dias_ampliacion_plazo` int(11) DEFAULT NULL,
  `total_adendas` int(11) DEFAULT NULL,
  `monto_prestaciones_adicionales` decimal(18,2) DEFAULT NULL,
  `observaciones` text,
  `liquidacion` varchar(10) DEFAULT 'No',
  `usuario` varchar(300) DEFAULT NULL,
  `fecha_registro` datetime DEFAULT NULL,
  `fecha_ultima_modificacion` datetime DEFAULT NULL,
  `activo` bit(1) DEFAULT b'1',
  PRIMARY KEY (`id_contrato_proceso_seleccion_item`),
  KEY `fk_cpsi_psi_idx` (`id_proceso_seleccion_item`),
  CONSTRAINT `fk_cpsi_psi` FOREIGN KEY (`id_proceso_seleccion_item`) REFERENCES `proceso_seleccion_item` (`id_proceso_seleccion_item`) ON DELETE NO ACTION ON UPDATE NO ACTION
) ENGINE=InnoDB AUTO_INCREMENT=37 DEFAULT CHARSET=utf8;
/*!40101 SET character_set_client = @saved_cs_client */;

--
-- Dumping data for table `contrato_proceso_seleccion_item`
--

LOCK TABLES `contrato_proceso_seleccion_item` WRITE;
/*!40000 ALTER TABLE `contrato_proceso_seleccion_item` DISABLE KEYS */;
INSERT INTO `contrato_proceso_seleccion_item` VALUES (1,1,'2015-12-23',91043.20,0.00,0.00,'R&S CONSULTORÍA Y CONSTRUCCIÓN SCRL','20447700248','037-2016-ITP/SG/OGA/ABAST','2016-03-09',NULL,150,NULL,111,3,0.00,'','0','admin','2017-10-30 15:17:35','2017-12-02 00:25:33',''),(2,2,'2015-12-23',86251.40,0.00,0.00,'JUAN ERNESTO ROMUALDO SÁNCHEZ MAYORA','10096432360','048-2016-ITP/SG/OGA/ABAST','2016-04-14',NULL,150,NULL,0,0,0.00,'','0','admin','2017-10-30 15:17:35','2017-11-19 10:57:48',''),(3,3,'2015-12-22',72000.00,NULL,NULL,'EDWIN EUSOBIO PINTO RÍOS','10295853811','010-20165-ITP/SG/OGA/ABAST','2016-01-15',NULL,150,NULL,96,1,NULL,NULL,NULL,'admin','2017-10-30 15:17:35',NULL,''),(4,4,'2016-03-15',2120342.72,0.00,0.00,'CONSORCIO SANTA ISABEL (ATICSA CONTRATISTAS SRL - CORBAZ SRLTDA)','ATICSA 20511052654 CORBAZ 20195592200','045-2016-ITP/SG/OGA-ABAST','2016-04-11','2016-05-02',120,NULL,111,3,0.00,'','0','admin','2017-10-30 15:17:35','2017-11-19 10:57:12',''),(5,6,'2016-03-15',1927755.19,NULL,NULL,'CONSORCIO SANTA ISABEL (ATICSA CONTRATISTAS SRL - CORBAZ SRLTDA)','ATICSA 20511052654 CORBAZ 20195592200','046-2016-ITP/SG/OGA-ABAST','2016-04-11',NULL,120,NULL,0,1,NULL,NULL,NULL,'admin','2017-10-30 15:17:35',NULL,''),(6,7,'2016-03-15',1179110.46,0.00,0.00,'CONSORCIO CANGALLO (PRISMA CONTRATISTAS GENERALES SAC - CONSTRUCTORA EL ARENAL SAC)','PRISMA 20102196393; EL ARENAL 20534233532','047-2016-ITP/SG/OGA-ABAST','2016-04-11',NULL,120,'2017-05-10',96,1,0.00,'','','admin','2017-10-30 15:17:35','2017-11-29 17:36:23',''),(7,8,'2015-11-26',30800.00,0.00,0.00,'RUBEN ELMER ROSALES CONTRERAS','10224276465','034-2015-ITP/SG/OGA/ABAST','2015-12-15',NULL,120,NULL,0,0,0.00,'','0','admin','2017-12-02 02:46:26',NULL,''),(8,9,'2015-10-02',657850.00,0.00,0.00,'R & S ASOCIADOS SRL','20360672418','020-2015-ITP/SG/OGA-ABAST','2015-10-29',NULL,90,'2015-11-14',0,0,0.00,'','0','admin','2017-12-02 02:53:40',NULL,''),(9,10,'2015-12-29',204000.00,0.00,0.00,'CONSORCIO SUPERVISOR AHUASHIYACU II (Diesing SAC Ingenieros Consultores - Joselito Rimarachin Flores)','20542380021','019-2016-ITP/SG/OGA/ABAST','2016-01-20',NULL,180,NULL,0,0,0.00,'','0','admin','2017-12-02 10:32:58',NULL,''),(10,11,'2016-02-18',6298325.09,0.00,0.00,'CONSORCIO RIO AMAZONAS','20493504062','039-2016-ITP/SG/OGA-ABAST','2016-03-14',NULL,150,'2016-04-01',0,0,0.00,'','0','admin','2017-12-02 10:51:11',NULL,''),(11,12,'2015-12-10',127886.04,0.00,0.00,'CONSORCIO H&D','20546341888','001-2016-ITP/SG/OGA/ABAST','2016-01-06',NULL,180,NULL,0,0,0.00,'','0','admin','2017-12-04 02:16:28','2017-12-26 22:47:22',''),(12,13,'2015-12-14',3209225.93,0.00,0.00,'NELAN CONTRATISTAS GENERALES SRL','20512419837','004-2016-ITP/SG/OGA-ABAST','2016-01-08',NULL,150,'2016-01-30',0,0,0.00,'','0','admin','2017-12-04 02:22:27',NULL,''),(13,14,'2015-10-02',2243199.11,0.00,0.00,'R&S ASOCIADOS SRL','203660672418','018-2015-ITP/SG/OGA-ABAST','2015-10-26',NULL,0,'2015-11-11',0,0,0.00,'','0','admin','2017-12-04 10:02:32',NULL,''),(14,15,'2015-12-28',99630.00,0.00,0.00,'MEGACONSULT INGENIEROS SAC','20393506611','006-2016-ITP/SG/OGA/ABAST','2016-01-14',NULL,0,NULL,0,0,0.00,'','0','admin','2017-12-04 10:40:29',NULL,''),(15,16,'2016-01-14',3211436.65,0.00,0.00,'CONSORCIO TECNOLOGICO','','023-2016-ITP/SG/OGA-ABAST',NULL,NULL,0,'2015-03-01',0,0,0.00,'','0','admin','2017-12-04 10:43:13',NULL,''),(16,19,'2015-10-01',3397472.25,0.00,0.00,'R&S ASOCIADOS SRL.','20360672418','016-2015-ITP/SG/OGA-ABAST','2015-08-13',NULL,105,'2015-11-29',0,0,0.00,'','0','admin','2017-12-06 10:23:44','2017-12-06 10:36:13',''),(17,20,'2015-01-10',3397472.25,0.00,0.00,'R&S ASOCIADOS SRL.','20360672418','016-2015-ITP/SG/OGA-ABAST','2015-08-13',NULL,105,'2015-11-29',0,0,0.00,'','0','admin','2017-12-06 10:37:52',NULL,''),(18,21,'2015-11-13',2602133.94,0.00,0.00,'JAST SRL Constructora y Servicios Generales','20133176404','N° 039-2015-ITP/SG/OGA-ABAST','2015-12-23',NULL,0,NULL,0,0,0.00,'','0','admin','2017-12-06 11:23:49','2017-12-06 11:28:36',''),(19,22,'2015-11-13',2602133.94,0.00,0.00,'JAST SRL Constructora y Servicios Generales','20133176404','N° 039-2015-ITP/SG/OGA-ABAST','2015-12-23',NULL,120,NULL,0,0,0.00,'','0','admin','2017-12-06 11:29:35',NULL,''),(20,23,'2015-10-26',2486185.90,2561680.91,0.00,'NELAN CONTRATISTAS GENERALES S.R.L','20512419837','022-2015-ITP/SG/OGA-ABAST','2015-11-06',NULL,120,'2015-11-20',0,0,0.00,'','0','admin','2017-12-06 12:14:33','2017-12-06 12:19:23',''),(21,24,'2015-10-26',2486185.90,2561680.91,0.00,'NELAN CONTRATISTAS GENERALES S.R.L','20512419837','022-2015-ITP/SG/OGA-ABAST','2015-11-06',NULL,120,'2015-11-20',0,0,0.00,'','0','admin','2017-12-06 12:20:29',NULL,''),(22,25,'2015-12-04',4220032.17,0.00,0.00,'CONSORCIO ITP PORVENIR (FENIX CONTRAGTISTAS GENERALES SAC - COAM CONTRATISTAS SAC - CORPORACIÓN D&V CONTRATISTAS GENERALES SAC)','20440439129','041-2015-ITP/SG/OGA-ABAST','2015-12-28',NULL,120,'2016-02-17',0,0,0.00,'','0','admin','2017-12-20 09:40:27','2017-12-20 09:51:45',''),(23,26,'2015-12-04',4220032.17,0.00,0.00,'CONSORCIO ITP PORVENIR (FENIX CONTRAGTISTAS GENERALES SAC - COAM CONTRATISTAS SAC - CORPORACIÓN D&V CONTRATISTAS GENERALES SAC)','20440439129','AMC-027-2015-ITP (Derivada de la LP N° 008-2015-ITP)','2015-12-04','2016-02-17',120,NULL,0,0,0.00,'','0','admin','2017-12-20 09:53:12',NULL,''),(24,27,'2015-11-17',249693.20,0.00,0.00,'HUERTAS JARA ALEXANDER PRIMITIVO','','025-2016-ITP/SG/OGA/ABAST','2016-03-02',NULL,210,NULL,0,0,0.00,'','0','admin','2017-12-20 12:45:42',NULL,''),(25,28,'2016-02-23',7902306.32,0.00,0.00,'CONSORCIO SAN ANDRES (TECVIA INGENIEROS SAC - CHIMU CONTRATISTAS GENERALES SA)','20452808022','043-2016-ITP/SG/OGA-ABAST','2016-03-22',NULL,180,'2016-02-17',0,0,0.00,'','0','admin','2017-12-20 15:03:32',NULL,''),(26,29,'2015-10-19',5736417.85,0.00,0.00,'NELAN CONTRATISTAS GENERALES S.R.L','20512419837','021-2015-ITP/SG/OGA-ABAST','2015-11-06',NULL,150,NULL,0,0,0.00,'','0','admin','2017-12-21 11:11:31','2017-12-21 11:16:00',''),(27,30,'2015-10-19',5736417.85,0.00,0.00,'NELAN CONTRATISTAS GENERALES S.R.L','20512419837','021-2015-ITP/SG/OGA-ABAST','2015-11-06',NULL,150,NULL,0,0,0.00,'','0','admin','2017-12-21 11:17:20',NULL,''),(28,31,'2015-12-03',84245.81,0.00,0.00,'JOSE LUIS BENDAYAN MIGUEL','10255871124','045-2015-ITP/SG/OGA/ABAST','2015-12-31',NULL,0,NULL,0,0,0.00,'','0','admin','2017-12-21 12:32:26',NULL,''),(29,32,'2016-02-19',2642000.00,0.00,0.00,'CONSORCIO IQUITOS (ST Contratistas Generales SRL y El Cedro SRL)','20141501705','N° 041-2016-ITP/SG/OGA-ABAST','2016-03-15',NULL,150,NULL,0,0,0.00,'','0','admin','2017-12-21 12:46:43',NULL,''),(30,33,'2015-11-05',9216336.91,0.00,0.00,'PARADIZO SRL','20394882489','024-2015-ITP/SG/OGA-ABAST','2015-11-17',NULL,240,'2015-12-21',0,0,0.00,'','0','admin','2017-12-21 17:29:29','2017-12-25 14:45:29',''),(31,34,'2015-11-05',9216336.91,0.00,0.00,'PARADIZO SRL','20394882489','024-2015-ITP/SG/OGA-ABAST','2015-11-17',NULL,240,'2015-12-21',0,0,0.00,'','0','admin','2017-12-25 14:48:31',NULL,''),(32,35,'2015-11-25',60502.15,0.00,0.00,'WILDER RÓMULO PILCO CAYO','10004881597','033-2015-ITP/SG/OGA/ABAST','2015-12-14',NULL,150,NULL,0,0,0.00,'','0','admin','2017-12-26 00:43:06',NULL,''),(33,36,'2015-11-19',2021604.57,0.00,0.00,'CONSORCIO SAN PEDRO (Ing. Medardo Nestor Vasquez Angeles, Construcciones & Servicios de Ingeniería S.A.C. y Ing. Gilbert Nemesio Yabar Vilchez)','10097515358','N° 031-2015-ITP/SG/OGA-ABAST','2015-12-14',NULL,120,'2016-01-05',0,0,0.00,'','0','admin','2017-12-26 00:59:19',NULL,''),(34,37,'2015-12-18',152430.99,0.00,0.00,'BERNARDO ALANOCA ARAGON','10251808967','008-2016-ITP/SG/OGA/ABAST','2016-01-14',NULL,150,NULL,0,0,0.00,'','1','admin','2017-12-27 09:53:56',NULL,''),(35,38,'2017-07-24',42770.51,0.00,0.00,'R&B SAC','20452499488','028-2015-ITP/SG/OGA-ABAST','2017-08-09',NULL,0,NULL,0,0,0.00,'','1','admin','2017-12-27 10:09:42',NULL,''),(36,39,'2015-11-20',2289570.00,0.00,0.00,'R&B SAC','20452499488','028-2015-ITP/SG/OGA-ABAST','2015-12-02',NULL,120,'2015-12-18',0,0,0.00,'','1','admin','2017-12-27 10:12:03',NULL,'');
/*!40000 ALTER TABLE `contrato_proceso_seleccion_item` ENABLE KEYS */;
UNLOCK TABLES;

--
-- Table structure for table `datos_proyecto`
--

DROP TABLE IF EXISTS `datos_proyecto`;
/*!40101 SET @saved_cs_client     = @@character_set_client */;
/*!40101 SET character_set_client = utf8 */;
CREATE TABLE `datos_proyecto` (
  `id_proyecto` int(11) NOT NULL AUTO_INCREMENT,
  `codigo_snip` varchar(45) DEFAULT NULL,
  `codigo_proyecto` varchar(45) DEFAULT NULL,
  `etapa_proyecto` varchar(300) DEFAULT NULL,
  `estado_proyecto` varchar(300) DEFAULT NULL,
  `ubicacion` text,
  `nombre_pip` text,
  `presupuesto_viabilidad` decimal(18,2) DEFAULT NULL,
  `consultor_preinversion` varchar(300) DEFAULT NULL,
  `consultor_expediente_tecnico` varchar(300) DEFAULT NULL,
  `resolucion_aprobacion_expediente_tecnico` text,
  `fecha_resolucion_aprobacion_expediente_tecnico` date DEFAULT NULL,
  `presupuesto_expediente_tecnico` decimal(18,2) DEFAULT NULL,
  `resolucion_actualizacion_valor_referencial` text,
  `valor_referencial` decimal(18,2) DEFAULT NULL,
  `resolucion_aprobacion_valor_referencial` text,
  `fecha_resolucion_aprobacion_valor_referencial` date DEFAULT NULL,
  `fecha_informe_tecnico_declaratoria_viabilidad` date DEFAULT NULL,
  `informe_tecnico_declaratoria_viabilidad` text,
  `fecha_resolucion_actualizacion_valor_referencial` date DEFAULT NULL,
  `beneficiarios_directos` varchar(300) CHARACTER SET macce DEFAULT NULL COMMENT 'Variable agregada por Raquel Lozada.',
  `usuario` varchar(300) DEFAULT NULL,
  `fecha_ultima_modificacion` datetime DEFAULT NULL,
  `fecha_registro` datetime DEFAULT NULL,
  `activo` bit(1) DEFAULT b'1',
  PRIMARY KEY (`id_proyecto`)
) ENGINE=InnoDB AUTO_INCREMENT=20 DEFAULT CHARSET=utf8;
/*!40101 SET character_set_client = @saved_cs_client */;

--
-- Dumping data for table `datos_proyecto`
--

LOCK TABLES `datos_proyecto` WRITE;
/*!40000 ALTER TABLE `datos_proyecto` DISABLE KEYS */;
INSERT INTO `datos_proyecto` VALUES (1,'318357','2267446',NULL,NULL,NULL,'Creación de servicios de Promoción de Innovación Tecnológica para la Cadena de Valor de los Productos Textiles de los Camélidos Domésticos en los Departamentos de Puno, Arequipa, Cusco, Huancavelica, Ayacucho y Apurímac.',19579897.00,'ITP - Margoth Gastelu, Miluska Romero, Percy Zevallos','ITP','Resolución de Secretaría General N° 34-2015-ITP/SG','2015-10-28',0.00,'',0.00,'',NULL,'2015-08-28','Informe Técnico N° 141-2015-PRODUCE/OGPP/Opi-fvaldivia-gtoribio-jvalencia',NULL,'405','admin','2017-12-27 00:23:20','2017-10-30 09:46:13',''),(2,'323251','2279013',NULL,NULL,NULL,'MEJORAMIENTO DE LOS SERVICIOS DE INNOVACIÓN TECNOLÓGICA PARA EL DESARROLLO DE LA CADENA PRODUCTIVA ACUÍCOLA EN LA UNIDAD TÉCNICA MUELLE BARCO CHUCUITO, DISTRITO DE CHUCUITO, PROVINCIA PUNO, DEPARTAMENTO DE PUNO.',12664222.00,'RONALD NILTON SILVA GIL','ITP','RESOLUCION DE SECRETARIA GENERAL N° 108-2015-ITP/SG','2015-10-29',0.00,'',0.00,'',NULL,'2015-08-13','INFORME TÉCNICO N° 138-2015-PRODUCE/OGPP/Opi-dcv-fgra',NULL,'5814 PERSONAS','admin',NULL,'2017-12-02 02:19:47',''),(3,'311140','2258375',NULL,NULL,NULL,'INSTALACION DE LOS SERVICIOS DE INNOVACION AGROINDUSTRIAL EN EL DISTRITO DE VIRU, PROVINCIA DE VIRU, DEPARTAMENTO DE LA LIBERTAD.',1117185.00,'FABIAN JANAMPA PAMELA LIZ','ITP','RESOLUCION DE SECRETARIA GENERAL N° 018-2015-ITP/SG','2015-07-31',0.00,'',0.00,'',NULL,'2015-03-04','INFORME TÉCNICO N° 015-2015-PRODUCE/OGPP/Opi-jvaldivia-splasencia',NULL,'37 PERSONAS','admin',NULL,'2017-12-02 02:34:44',''),(4,'327211','2284960',NULL,NULL,NULL,'MEJORAMIENTO DE LOS SERVICIOS DE INNOVACION TECNOLOGICA PARA EL DESARROLLO DE LA CADENA PRODUCTIVA ACUICOLA EN LA LOCALIDAD DE AHUASHIYACU, DISTRITO DE LA BANDA DE SHILCAYO, PROVINCIA DE SAN MARTIN, DEPARTAMENTO DE SAN MARTIN.',13423605.00,'RONALD NILTON SILVA GIL ','ITP','RESOLUCION DE SECRETARIA GENERAL N° 103-2015-ITP/SG','2015-10-28',0.00,'',0.00,'',NULL,'2015-09-30','OFICIO Nro 603-2015-PRODUCE/OGPP-Opi',NULL,'5814 PERSONAS','admin',NULL,'2017-12-02 10:20:55',''),(5,'293780','2194402',NULL,NULL,NULL,'MEJORAMIENTO DEL SERVICIO DE INVESTIGACIÓN EN BIOTECNOLOGÍA EN EL INSTITUTO TECNOLÓGICO DE LA PRODUCCIÓN, DISTRITO EL CALLAO, PROVINCIA CONSTITUCIONAL DEL CALLAO.\n',9999179.00,' SUSANA SIRVAS,MARGOTH GASTELU','ITP','',NULL,0.00,'',0.00,'RESOLUCION DE SECRETARIA GENERAL N° 039-2015-ITP/SG','2015-07-09','2015-04-03','INFORME TÉCNICO N° 016-2015-PRODUCE/OGPP/Opi-jvaldivia-splasencia',NULL,'371 PERSONAS','admin','2017-12-27 00:23:15','2017-12-04 02:04:47',''),(6,'316171','2261528',NULL,NULL,NULL,'INSTALACION DE SERVICIOS TECNOLOGICOS PARA LOS PRODUCTOS DERIVADOS DE LA CADENA PRODUCTIVA DE FRUTOS, HORTALIZAS Y HIERBAS AROMATICAS, DISTRITO DE MAJES, PROVINCIA DE CAYLLOMA, REGION AREQUIPA\n',5191689.00,'GUSTAVO CARRION ORDINOLA ','ITP','',NULL,0.00,'',0.00,'RESOLUCION DE SECRETARIA GENERAL N° 023-2015-ITP/SG','2015-08-10','2015-05-25','INFORME TÉCNICO N° 089-2015-PRODUCE/OGPP/OPI-RYMT-FJVV',NULL,'1860 PERSONAS','admin',NULL,'2017-12-04 09:40:59',''),(7,'316160','2271690',NULL,NULL,NULL,'INSTALACIÓN DE SERVICIOS TECNOLÓGICOS PARA LA CADENA PRODUCTIVA DEL SECTOR PESQUERO AMAZÓNICO EN EL DISTRITO DE CALLERIA, PROVINCIA DE CORONEL PORTILLO EN LA REGIÓN DE UCAYALI\n',9320068.00,'HEIDY PAREJA LUNA ','ITP','RESOLUCION DE SECRETARIA GENERAL N° 065-2015-ITP/SG','2015-09-18',0.00,'',0.00,'',NULL,'2015-05-07','INFORME TÉCNICO N° 073-2015-PRODUCE/OGPP/Opi-dcv-fgra',NULL,'1120 PERSONAS','admin',NULL,'2017-12-04 10:14:34',''),(8,'316178','2274748',NULL,NULL,NULL,'INSTALACION DE SERVICIOS PARA LA TRANSFERENCIA TECNOLOGICA EN LA ACTIVIDAD MINERO ARTESANAL, EN LOS DISTRITOS DE MADRE DE DIOS, HUEPETUHE Y LABERINTO DE LAS PROVINCIAS MANU Y TAMBOPATA DEL DEPARTAMENTO DE MADRE DE DIOS',8917324.00,' ING. KARINA MASSIEL REYNER HERRERA','ITP','RESOLUCION DE SECRETARIA GENERAL N° 029-2015-ITP/SG','2015-08-17',0.00,'',0.00,'',NULL,'2015-05-18','INFORME TÉCNICO N° 082-2015-PRODUCE/OGPP/Opi-frivera-ptalledo',NULL,'1793 PERSONAS','admin',NULL,'2017-12-04 11:09:34',''),(9,'325418','2283127',NULL,NULL,NULL,'MEJORAMIENTO Y AMPLIACION DE LOS SERVICIOS DE INNOVACION TECNOLOGICA PARA LA GENERACION DE VALOR AGREGADO EN LA INDUSTRIA DE LA MADERA, PROVINCIA DE CORONEL PORTILLO REGIÓN UCAYALI\n',70905304.00,' SERGIO HUAMAN AMAYA  ','ITP','RESOLUCION DE SECRETARIA GENERAL N° 115-2016-ITP/SG','2016-07-08',0.00,'',0.00,'',NULL,'2015-09-23','Informe Técnico N° 153-2015-PRODUCE/OGPP/Opi-frivera-ptalledo',NULL,'510 PERSONAS','admin',NULL,'2017-12-04 11:21:33',''),(10,'316149','2275896',NULL,NULL,NULL,'CREACION DE SERVICIOS TECNOLÓGICOS PARA LA CADENA PRODUCTIVA DE CAFÉ Y CACAO DEL SECTOR AGROINDUSTRIAL EN EL VRAEM.',9685366.00,'JUAN HERRERA CAMPOBLANCO ','ITP','RESOLUCION DE SECRETARIA GENERAL N° 016-2015-ITP/SG','2015-07-23',0.00,'',0.00,'',NULL,'2015-05-21','INFORME TÉCNICO N° 084-2015-PRODUCE/OGPP/Opi-fgra-gdtr',NULL,'1,161 PERSONAS','admin',NULL,'2017-12-06 10:12:40',''),(11,'316150','2275814',NULL,NULL,NULL,'INSTALACIÓN DE SERVICIOS TECNOLÓGICOS DE LA CADENA PRODUCTIVA DEL SECTOR CUERO, CALZADO E INDUSTRIAS CONEXAS EN EL DISTRITO DE CERRO COLORADO, PROVINCIA DE AREQUIPA EN EL DEPARTAMENTO AREQUIPA.',6210032.00,'GUSTAVO CARRION ORDINOLA','ITP','RESOLUCION DE SECRETARIA GENERAL N° 035-2015-ITP/SG','2015-08-28',0.00,'',0.00,'',NULL,'2015-05-25','Informe Técnico: N° 090-2015-PRODUCE/OGPP/Opi-frivera-coriundo',NULL,'2,220 PERSONAS','admin',NULL,'2017-12-06 11:11:08',''),(12,'316626','2269137',NULL,NULL,NULL,'INSTALACION DE SERVICIOS TECNOLÓGICOS PARA EL DESARROLLO DE CADENAS PRODUCTIVAS AGROINDUSTRIALES DE LOS PRODUCTOS DE LA CHIRIMOYA, DURAZNO, PALTA Y VID DISTRITO DE SANTA MARÍA, PROVINCIA DE HUAURA, REGIÓN LIMA.',7174842.00,'PAMELA FABIAN JANAMPA','ITP','RESOLUCION DE SECRETARIA GENERAL N° 021-2015-ITP/SG','2015-08-07',0.00,'',0.00,'',NULL,'2015-04-27','INFORME TÉCNICO N° 069-2015-PRODUCE/OGPP/Opi-rytm-fjvv',NULL,'363 PERSONAS','admin',NULL,'2017-12-06 12:05:01',''),(13,'316144','2275669',NULL,NULL,NULL,'CREACION DE SERVICIOS TECNOLÓGICOS EN LA CADENA PRODUCTIVA DE CUERO Y CALZADO, DISTRITO EL PORVENIR, PROVINCIA DE TRUJILLO, DEPARTAMENTO DE LA LIBERTAD\n',12050647.00,' MELVA MALCA ','ITP','RESOLUCION DE SECRETARIA GENERAL N° 034-2015-ITP/SG','2015-08-27',0.00,'',0.00,'',NULL,'2015-05-20','INFORME TECNICO Nº086-2015-PRODUCE/OGPP/OPI-FGRA-CORIUNDO',NULL,'7,508 personas','admin','2017-12-27 00:23:22','2017-12-20 09:30:16',''),(14,'316166','2279780',NULL,NULL,NULL,'AMPLIACION Y MEJORAMIENTO DE LOS SERVICIOS DE INNOVACION TECNOLOGICA EN LA CADENA DE VALOR DE PRODUCTOS PROCESADOS DE FRUTOS, HORTALIZAS, MENESTRAS Y GRANOS ANDINOS EN LAS REGIONES DE ICA, JUNIN, AYACUCHO Y HUANCAVELICA - SEDE ICA.',45582211.00,' LEONIDAS HUAMANI RIVEROS ','ITP','RESOLUCION DE SECRETARIA GENERAL N° 157-2015-ITP/SG','2015-11-20',0.00,'',0.00,'',NULL,'2015-07-20','INFORME TÉCNICO N° 121-2015-PRODUCE/OGPP/Opi-frivera-joriundo',NULL,'1,339 PERSONAS','admin','2017-12-27 00:23:18','2017-12-20 12:37:54',''),(15,'316573','2270500',NULL,NULL,NULL,'INSTALACIÓN DE SERVICIOS TECNOLÓGICOS EN LA CADENA PRODUCTIVA DE FRUTOS TROPICALES Y ACUICOLA EN LA REGIÓN LORETO, DISTRITO DE IQUITOS, PROVINCIA DE MAYNAS.',9993403.00,' ECON. SARA DOMINGUEZ','ITP','RESOLUCION DE SECRETARIA GENERAL N° 028-2015-ITP/SG','2015-08-17',0.00,'',0.00,'',NULL,'2015-04-29','INFORME TÉCNICO N° 072-2015-PRODUCE/OGPP/Opi-fgra-pjth',NULL,'205 PERSONAS','admin',NULL,'2017-12-21 10:54:38',''),(16,'315865','2269052',NULL,NULL,NULL,'INSTALACIÓN DE SERVICIOS TECNOLÓGICOS EN LA CADENA PRODUCTIVA DE MADERA DISTRITO DE IQUITOS, PROVINCIA DE MAYNAS, DEPARTAMENTO DE LORETO.',9234538.00,'ECON. BRYAN BURGA RAMÍREZ- ING. JESSICA MOSCOSO GUERRERO ','ITP','RESOLUCION DE SECRETARIA GENERAL N° 066-2015-ITP/SG','2015-09-18',0.00,'',0.00,'',NULL,'2015-04-27','INFORME TÉCNICO N° 067 -2015-PRODUCE/OGPP/Opi-jvaldivia-pjth',NULL,'235 PERSONAS','admin',NULL,'2017-12-21 12:24:52',''),(17,'316943','2274395',NULL,NULL,NULL,'CREACIÓN DE SERVICIOS TECNOLÓGICOS PARA LA CADENA PRODUCTIVA DE MADERA Y LA AGROINDUSTRIA DE PRODUCTOS DE CASTAÑA, CACAO Y COPOAZÚ, DISTRITO DE TAMBOPATA, PROVINCIA TAMBOPATA, DEPARTAMENTO MADRE DE DIOS.',14199711.00,'MARGOTH GASTELU, VICTOR CASTILLO, ANDREA OCAMPO ','ITP','RESOLUCION DE SECRETARIA GENERAL N° 067-2015-ITP/SG','2015-06-09',0.00,'',0.00,'',NULL,'2015-05-18','INFORME TÉCNICO N° 083-2015-PRODUCE/OGPP/Opi-msilva-jvaldivia',NULL,'2,778 PERSONAS','admin',NULL,'2017-12-21 16:37:00',''),(18,'316174','2261544',NULL,NULL,NULL,'Instalación de Servicios de Tecnológicos en la cadena Productiva de Uva, Palta y Orégano del Sector Agroindustrial en el distrito de Ilo, Provincia de Ilo, departamento de Moquegua.\n',6184240.00,'GERARDO CRISTIAN PALACIOS PALACIOS','ITP','RESOLUCION DE SECRETARIA GENERAL N° 027-2015-ITP/SG','2015-08-14',0.00,'',0.00,'',NULL,'2015-05-25','INFORME TÉCNICO N° 088-2015-PRODUCE/OGPP/Opi-rymt-fjvv',NULL,'1630 PERSONAS','admin',NULL,'2017-12-26 00:04:29',''),(19,'322645','2281102',NULL,NULL,NULL,'CREACION DE SERVICIOS TECNOLÓGICOS PARA LAS CADENAS PRODUCTIVAS DEL CAFÉ, CACAO Y FRUTAS DEL SECTOR AGROINDUSTRIAL EN LA ZONA DE SANTA LUCÍA, PROVINCIAS DE LEONCIO PRADO Y AMBO EN EL DPTO DE HUANUCO Y EN LA PROVINCIA DE OXAPAMPA EN EL DPTO DE PASCO - SEDE AMBO\n',16689586.00,'GUSTAVO CARRION ORDINOLA ','ITP','RESOLUCIÓN DE SECRETARÍA GENERAL N°099-2015-ITP/SG','2015-10-21',0.00,'',0.00,'10/21/2015',NULL,'2015-07-07','INFORME TÉCNICO N° 114-2015-PRODUCE/OGPP/Opi-frivera-ptalledo-rmaldonado-gtoribio',NULL,'316 PERSONAS','admin',NULL,'2017-12-27 09:28:10','');
/*!40000 ALTER TABLE `datos_proyecto` ENABLE KEYS */;
UNLOCK TABLES;

--
-- Table structure for table `defecto_constructivo`
--

DROP TABLE IF EXISTS `defecto_constructivo`;
/*!40101 SET @saved_cs_client     = @@character_set_client */;
/*!40101 SET character_set_client = utf8 */;
CREATE TABLE `defecto_constructivo` (
  `id_defecto_constructivo` int(11) NOT NULL AUTO_INCREMENT,
  `id_contrato_proceso_seleccion_item` int(11) NOT NULL,
  `asiento_cuaderno_obra` text,
  `defecto_constructivo` text,
  `fecha_encontrado` date DEFAULT NULL,
  `estado_defecto` varchar(300) DEFAULT NULL,
  `acciones` varchar(300) DEFAULT NULL,
  `usuario` varchar(300) DEFAULT NULL,
  `fecha_registro` datetime DEFAULT NULL,
  `fecha_ultima_modificacion` datetime DEFAULT NULL,
  `activo` bit(1) DEFAULT b'1',
  PRIMARY KEY (`id_defecto_constructivo`),
  KEY `fk_dc_cpsi_idx` (`id_contrato_proceso_seleccion_item`)
) ENGINE=InnoDB AUTO_INCREMENT=3 DEFAULT CHARSET=utf8;
/*!40101 SET character_set_client = @saved_cs_client */;

--
-- Dumping data for table `defecto_constructivo`
--

LOCK TABLES `defecto_constructivo` WRITE;
/*!40000 ALTER TABLE `defecto_constructivo` DISABLE KEYS */;
INSERT INTO `defecto_constructivo` VALUES (1,27,'MEMORANDO N°91-CITE productivo Maynas}','Existen goteras en los techos que están dañando el cielo raso e inundando el área de procesamiento pesquero, área de procesameinto acuicola y área de exhibición de peces ornamentales.','2016-10-05','10/05/2016','','admin','2017-12-21 11:39:04',NULL,''),(2,35,'2,288,770.94','Daños en infraestructura\n','2016-10-05','','','admin','2017-12-27 10:27:52',NULL,'');
/*!40000 ALTER TABLE `defecto_constructivo` ENABLE KEYS */;
UNLOCK TABLES;

--
-- Table structure for table `documento_preinversion`
--

DROP TABLE IF EXISTS `documento_preinversion`;
/*!40101 SET @saved_cs_client     = @@character_set_client */;
/*!40101 SET character_set_client = utf8 */;
CREATE TABLE `documento_preinversion` (
  `id_documento_preinversion` int(11) NOT NULL AUTO_INCREMENT,
  `id_proyecto` int(11) DEFAULT NULL,
  `id_tipo_documento_preinversion` int(11) DEFAULT NULL,
  `tipo_documento_preinversion` text,
  `documento_preinversion` text,
  `usuario` text,
  `fecha_registro` datetime DEFAULT NULL,
  `fecha_ultima_modificacion` datetime DEFAULT NULL,
  `activo` bit(1) DEFAULT b'1',
  PRIMARY KEY (`id_documento_preinversion`)
) ENGINE=InnoDB DEFAULT CHARSET=utf8;
/*!40101 SET character_set_client = @saved_cs_client */;

--
-- Dumping data for table `documento_preinversion`
--

LOCK TABLES `documento_preinversion` WRITE;
/*!40000 ALTER TABLE `documento_preinversion` DISABLE KEYS */;
/*!40000 ALTER TABLE `documento_preinversion` ENABLE KEYS */;
UNLOCK TABLES;

--
-- Table structure for table `expediente_tecnico`
--

DROP TABLE IF EXISTS `expediente_tecnico`;
/*!40101 SET @saved_cs_client     = @@character_set_client */;
/*!40101 SET character_set_client = utf8 */;
CREATE TABLE `expediente_tecnico` (
  `id_expediente_tecnico` int(11) NOT NULL AUTO_INCREMENT,
  `id_proyecto` int(11) NOT NULL,
  `id_item_proyecto` int(11) DEFAULT NULL,
  `item_descripcion` text,
  `id_tipo_informe_tecnico` int(11) DEFAULT NULL,
  `informe_tecnico_modificaciones_etapa_inversion` text,
  `monto_informe_tecnico_etapa_inversion` decimal(18,2) DEFAULT NULL,
  `fecha_informe_tecnico_etapa_inversion` date DEFAULT NULL,
  `numero_proceso_expediente_tecnico` varchar(100) DEFAULT NULL,
  `valor_referencial` decimal(18,2) DEFAULT NULL,
  `modalidad_contratacion` varchar(300) DEFAULT NULL,
  `fecha_presupuesto_base` date DEFAULT NULL,
  `postores` text,
  `monto_adjudicado` decimal(18,2) DEFAULT NULL,
  `contratista_adjudicado` text,
  `ruc_contratista_adjudicado` varchar(45) DEFAULT NULL,
  `fecha_otorgamiento` date DEFAULT NULL,
  `numero_contrato` text,
  `fecha_firma_contrato` date DEFAULT NULL,
  `plazo_ejecucion_expediente_tecnico` int(11) DEFAULT NULL,
  `tipo_ejecucion` varchar(300) DEFAULT NULL COMMENT 'Puede ser: "Administración directa", "Poceso de selección".',
  `observaciones` varchar(100) DEFAULT NULL,
  `usuario` varchar(300) DEFAULT NULL,
  `fecha_registro` datetime DEFAULT NULL,
  `fecha_ultima_modificacion` datetime DEFAULT NULL,
  `activo` bit(1) DEFAULT b'1',
  PRIMARY KEY (`id_expediente_tecnico`),
  KEY `fk_exp_tec_dp_idx` (`id_proyecto`),
  CONSTRAINT `fk_exp_tec_dp` FOREIGN KEY (`id_proyecto`) REFERENCES `datos_proyecto` (`id_proyecto`) ON DELETE NO ACTION ON UPDATE NO ACTION
) ENGINE=InnoDB AUTO_INCREMENT=25 DEFAULT CHARSET=utf8;
/*!40101 SET character_set_client = @saved_cs_client */;

--
-- Dumping data for table `expediente_tecnico`
--

LOCK TABLES `expediente_tecnico` WRITE;
/*!40000 ALTER TABLE `expediente_tecnico` DISABLE KEYS */;
INSERT INTO `expediente_tecnico` VALUES (1,1,1,'Item 1: Arequipa',2,'Formato-15',19614214.44,'2015-10-28','AMC-007-2016-ITP (Derivada de la LP N° 19-2015-ITP).',1179110.46,'1','2015-08-01','1',1179110.46,'CONSORCIO CANGALLO: PRISMA CONTRATISTAS GENERALES S.A.C., CONSTRUCTORA EL ARENAL S.A.C.','PRISMA 20102196393; EL ARENAL 20534233532','2016-03-15','047-2016-ITP/SG/OGA-ABAST','2016-04-11',120,'1','','admin','2017-10-30 10:06:40','2018-01-15 16:39:48',''),(2,1,2,'Item 2: Cusco',2,'Formato-15',19614214.44,'2015-10-28','AMC-007-2016-ITP (Derivada de la LP N° 19-2015-ITP)',1927755.19,'1','2015-08-01','2',1927755.19,'CONSORCIO SANTA ISABEL: CORBAZ S.R.L.T.D.A., ATICSA CONTRATISTAS S.R.L. ','ATICSA 20511052654; CORBAZ 20195592200','2016-03-15','046-2016-ITP/SG/OGA-ABAST','2016-04-14',120,'1','','admin','2017-11-27 12:03:05','2018-01-15 16:39:53',''),(3,1,3,'Item 3: Huancavelica',2,'Formato-15',19614214.44,'2015-10-28','AMC-007-2016-ITP (Derivada de la LP N° 19-2015-ITP)',1828387.07,'1','2015-08-01','2',0.00,'','',NULL,'',NULL,120,'1','Proceso declarado DESIERTO.','admin','2017-11-27 12:07:24','2018-01-15 16:39:58',''),(4,1,4,'Item 4: Puno',2,'Formato-15',19614214.44,'2015-10-28','AMC-007-2016-ITP (Derivada de la LP N° 19-2015-ITP)',2120342.72,'1','2015-08-01','1',2120342.72,'CONSORCIO SANTA ISABEL: CORBAZ S.R.L.T.D.A., ATICSA CONTRATISTAS S.R.L. ','ATICSA 20511052654; CORBAZ 20195592200','2016-03-15','045-2016-ITP/SG/OGA-ABAST','2016-04-11',120,'1','','admin','2017-11-27 12:09:52','2018-01-15 16:40:03',''),(5,2,5,'Item 1: Puno',2,'Formato-15',7984605.24,'2015-10-27','ADP N° 02-2015-ITP',1392276.24,'1','2015-08-01','1',0.00,'','',NULL,'',NULL,120,'1','Proceso DESIERTO según acta de Declaratoria de desierto del día 19/11/2015','admin','2017-12-02 02:30:07','2018-01-15 16:40:47',''),(6,3,6,'Item 1: La Libertad',2,'Formato-15',1117185.00,'2015-07-30','ADS N° 010-2015-ITP',657850.00,'1','2015-03-01','2',657850.00,'R & S ASOCIADOS S.R.L. ','20360672418','2015-10-02','Contrato N° 020-2015-ITP/SG/OGA-ABAST ','2015-10-29',90,'1','','admin','2017-12-02 02:40:45','2018-01-15 16:17:34',''),(7,4,7,'Item 1: San  Martín',2,'Formato-15',14661384.61,'2015-10-27','AMC N° 070-2015-ITP (Derivada de la LP N° 18-2015-ITP)',7432023.61,'1','2015-09-01','9',6298325.09,'CONSORCIO RIO AMAZONAS: H&M INGENIEROS CONSULTORES Y CONSTRUCTORES S.A.C., BECERRA HNOS CONTRATISTAS GENERALES S.A.C. ','20493504062','2016-02-18','039-2016-ITP/SG/OGA-ABAST','2016-03-14',150,'1','','admin','2017-12-02 10:29:06','2018-01-15 16:41:06',''),(8,5,8,'Item 1: Callao',2,'Formato-15',9409681.93,'2025-02-09','AMC N° 022-2015-ITP (derivada de la LP N° 011-2015-ITP)',3209225.93,'1','2015-03-01','4',3209225.93,'NELAN CONTRATISTAS GENERALES S.R.L. ','20512419837','2015-12-14','004-2016-ITP/SG/OGA-ABAST','2016-08-01',0,'1','','admin','2017-12-04 02:13:24','2018-01-11 19:54:16',''),(9,6,9,'Item 1: Majes',2,'Formato-15',5900810.64,'2015-08-07','ADS N° 002-2015-ITP',2362505.64,'1','2015-05-01','3',2243199.11,'R & S ASOCIADOS S.R.L.','203660672418','2015-10-02','018-2015-ITP/SG/OGA-ABAST','2015-10-26',120,'1','','admin','2017-12-04 10:00:02','2018-01-15 16:38:03',''),(10,7,10,'Item 1: Ucayali',2,'Formato-15',10122332.18,'2015-09-01','LP N°013-2015-ITP.',3276976.18,'1','2015-05-01','4\n',3211436.65,'CONSORCIO TECNOLOGICO: JUNGLES KING E.I.R.L., CORPORACION TAF & B S.A.C. ','20393252848','2016-01-14','023-2016-ITP/SG/OGA-ABAST','2016-06-08',150,'1','','admin','2017-12-04 10:38:11','2018-01-15 16:37:35',''),(11,8,11,'Item 1: Boca Colorado',2,'Formato-15',8248917.91,'2015-08-13','AMC N° 50-2015-ITP (Derivado de la LP 7-2015-ITP)',1089262.20,'1','2015-05-01','1',0.00,'','',NULL,'',NULL,90,'1','Proceso DESIERTO según acta de Declaratoria de desierto del día 14/01/2016.','admin','2017-12-04 11:16:06','2018-01-15 16:39:01',''),(12,8,12,'Item 2: Laberinto',2,'Formato-15',8248917.91,'2015-08-13','AMC N° 50-2015-ITP (Derivado de la LP 7-2015-ITP)',1182754.62,'1','2015-05-01','1',0.00,'','',NULL,'',NULL,90,'1','Proceso DESIERTO según acta de Declaratoria de desierto del día 14/01/2016.','admin','2017-12-04 11:17:06','2018-01-15 16:39:06',''),(13,8,13,'Item 3: Huepetuhe',2,'Formato-15',8248917.91,'2015-08-13','AMC N° 50-2015-ITP (Derivado de la LP 7-2015-ITP)',810217.09,'1','2015-05-01','1',0.00,'','',NULL,'',NULL,90,'1','Proceso DESIERTO según acta de Declaratoria de desierto del día 14/01/2016.','admin','2017-12-04 11:18:09','2018-01-15 16:39:12',''),(14,9,14,'Item 1: Ucayali',2,'Formato-15',42958158.61,'2015-11-16','AMC N° 10-2016-ITP (derivada de la LP 21-2015-ITP)',42584199.45,'1','2015-09-01','1',0.00,'','',NULL,'',NULL,300,'1','Proceso DESIERTO según acta de Declaratoria de desierto del día 09/09/2016.','admin','2017-12-04 11:26:07','2018-01-15 16:40:56',''),(15,10,15,'Item 1: Vraem',2,'Formato-15',9685366.00,'2015-07-17','LP N°001-2015-ITP',3397472.25,'1','2015-05-01','1',3397472.25,'R & S ASOCIADOS S.R.L. ','20360672418','2015-10-01','016-2015-ITP/SG/OGA-ABAST','2015-08-13',105,'1','','admin','2017-12-06 10:20:56','2018-01-15 16:18:07',''),(16,11,16,'Item 1: Arequipa',2,'Formato-15',6298764.94,'2015-08-21','LP N° 009-2015-ITP.',2602133.94,'1','2015-05-01','4',2602133.94,'JAST SRL Constructora y Servicios Generales','20133176404','2015-12-23','N° 039-2015-ITP/SG/OGA-ABAST','2015-12-23',120,'1','','admin','2017-12-06 11:20:35','2018-01-15 16:18:26',''),(17,12,17,'Item 1: Huaura',2,'Formato-15',6294439.90,'2015-08-04','LP N°004-2015-ITP',2486185.90,'1','2015-04-01','4',2486185.90,'NELAN CONTRATISTAS GENERALES S.R.L.','20512419837','2015-10-26',' Contrato N° 022-2015-ITP/SG/OGA-ABAST','2015-11-06',120,'1','','admin','2017-12-06 12:11:51','2018-01-15 16:39:29',''),(18,13,18,'Item 1: Trujillo',2,'Formato-15',12119987.13,'2015-08-20','AMC-027-2015-ITP (Derivada de la LP N° 008-2015-ITP)',4442139.13,'1','2015-05-01','3',4220032.17,'CONSORCIO ITP PORVENIR: FENIX CONTRATISTAS GENEALES S.A.C., COAM CONTRATISTAS, S.A.C., CORPORACION V & V CONTRATISTAS GENERALES S.A.C.  ','20440439129','2015-12-04','041-2015-ITP/SG/OGA-ABAST','2015-12-28',120,'1','','admin','2017-12-20 09:35:34','2018-01-15 16:17:56',''),(19,14,19,'Item 1: Ica',2,'Formato-15',9821593.26,'2015-11-16','LP N° 020-2015-ITP',8780340.35,'1','2015-07-01','8',7902306.32,'CONSORCIO SAN ANDRES: CHIMU CONTRATISTAS GENERALES S.A., TECVIA INGENIEROS S.A.C.','20452808022','2016-02-23','043-2016-ITP/SG/OGA-ABAST','2016-03-22',180,'1','','admin','2017-12-20 12:43:28','2018-01-15 16:37:44',''),(20,15,20,'Item 1: Loreto',2,'Formato-15',10658406.85,'2015-08-07','LP N°006-2015-ITP',5736417.85,'1','2015-04-01','3',5736417.85,'NELAN CONTRATISTAS GENERALES S.R.L. ','20512419837','2015-10-19','021-2015-ITP/SG/OGA-ABAST','2015-11-06',150,'1','','admin','2017-12-21 11:08:14','2018-01-15 16:39:19',''),(21,16,21,'Item 1: Loreto',2,'Formato-15',10080641.88,'2015-09-01','AMC N° 045-2015-ITP  (Derivada de la LP N° 012-2015-ITP)',3118194.88,'1','2015-04-01','3',2642000.00,'CONSORCIO IQUITOS: STI CONTRATISTAS GENERALES S.R.L., EL CEDRO S.R.L.','20141501705','2016-02-19','N° 041-2016-ITP/SG/OGA-ABAST','2016-03-15',150,'1','','admin','2017-12-21 12:29:39','2018-01-15 16:17:44',''),(22,17,22,'Item 1: Madre de Dios',2,'Formato-15',16334134.42,'2015-09-01','LP N°014-2015-ITP',9404425.42,'1','2015-05-01','2',9216336.91,'PARADIZO S.R.L. ','20394882489','2015-11-05','024-2015-ITP/SG/OGA-ABAST','2015-11-17',240,'1','','admin','2017-12-21 17:25:21','2018-01-15 16:39:38',''),(23,18,23,'Item 1: Moquegua',2,'Formato-15',6668510.09,'2015-08-13','AMC N° 021-2015-ITP, derivada de la LP Nº 005-ITP',2139264.09,'1','2015-05-01','4',2021604.57,'CONSORCIO SAN PEDRO: MEDARDO NESTOR VÁSQUEZ ÁNGELES, CONSTRUCCIONES Y SERVICIOS DE INGENIERÍA S.A.C., GIRBERT NEMESIO YABAR VÍLCHEZ ','10097515358','2015-11-19','N° 031-2015-ITP/SG/OGA-ABAST','2015-12-14',120,'1','','admin','2017-12-26 00:10:02','2018-01-15 16:38:13',''),(24,19,24,'Item1 : Ambo',2,'Formato-15',19715382.78,'2015-09-01','LP N°017-2015-ITP',2289578.73,'1','2015-07-01','2',2289570.00,'R & B S.A.C. ','20452499488','2015-11-20','028-2015-ITP/SG/OGA-ABAST','2015-12-02',120,'1','','admin','2017-12-27 09:40:24','2018-01-15 16:40:13','');
/*!40000 ALTER TABLE `expediente_tecnico` ENABLE KEYS */;
UNLOCK TABLES;

--
-- Table structure for table `garantia`
--

DROP TABLE IF EXISTS `garantia`;
/*!40101 SET @saved_cs_client     = @@character_set_client */;
/*!40101 SET character_set_client = utf8 */;
CREATE TABLE `garantia` (
  `id_garantia` int(11) NOT NULL AUTO_INCREMENT,
  `id_contrato_proceso_seleccion_item` int(11) DEFAULT NULL,
  `descripcion_garantia` text,
  `factura` varchar(100) DEFAULT NULL,
  `fecha_factura` date DEFAULT NULL,
  `tipo_garantia` varchar(300) DEFAULT NULL COMMENT 'Puede ser: "Carta fianza", "Otros".',
  `institucion_financiera` varchar(300) DEFAULT NULL,
  `numero_documento` varchar(100) DEFAULT NULL,
  `monto_adelanto` decimal(18,2) DEFAULT NULL,
  `monto_carta_fianza` decimal(18,2) DEFAULT NULL,
  `fecha_creacion` date DEFAULT NULL,
  `fecha_vencimiento` date DEFAULT NULL,
  `usuario` varchar(300) DEFAULT NULL,
  `fecha_registro` datetime DEFAULT NULL,
  `fecha_ultima_modificacion` datetime DEFAULT NULL,
  `activo` bit(1) DEFAULT b'1',
  PRIMARY KEY (`id_garantia`),
  KEY `fk_garantia_cpsi_idx` (`id_contrato_proceso_seleccion_item`),
  CONSTRAINT `fk_garantia_cpsi` FOREIGN KEY (`id_contrato_proceso_seleccion_item`) REFERENCES `contrato_proceso_seleccion_item` (`id_contrato_proceso_seleccion_item`) ON DELETE NO ACTION ON UPDATE NO ACTION
) ENGINE=InnoDB AUTO_INCREMENT=142 DEFAULT CHARSET=utf8;
/*!40101 SET character_set_client = @saved_cs_client */;

--
-- Dumping data for table `garantia`
--

LOCK TABLES `garantia` WRITE;
/*!40000 ALTER TABLE `garantia` DISABLE KEYS */;
INSERT INTO `garantia` VALUES (1,4,'Fiel Cumplimiento ','','2016-03-29','1','La Positiva','1638462',0.00,212035.00,'2016-04-01','2016-10-27','admin ','2017-10-30 18:56:42','2017-12-01 22:47:56',''),(2,4,'Primera renovación','','2017-10-17','1','La Positiva','1638462-01',0.00,212035.00,'2016-10-27','2017-02-23','admin ','2017-10-30 18:56:42','2017-12-01 22:48:05',''),(3,4,'Segunda renovación','','2017-02-14','1','La Positiva','1638462-02',0.00,212035.00,'2017-02-23','2017-05-23','admin ','2017-10-30 18:56:42','2017-12-01 22:48:13',''),(4,4,'Tercera renovación','','2017-05-15','1','La Positiva','1638462-03',0.00,212035.00,'2017-05-23','2017-08-20','admin ','2017-10-30 18:56:42','2017-12-01 22:48:19',''),(5,4,'Adicional del Fiel Cumplimiento','','2016-11-14','1','La Positiva','1644126',0.00,14322.00,'2016-11-14','2017-05-12','admin ','2017-10-30 18:56:42','2017-12-01 22:48:25',''),(6,4,'Adicional del Fiel Cumplimiento','','2017-05-08','1','La Positiva','1644126-01',0.00,14322.00,'2017-05-12','2017-08-09','admin ','2017-10-30 18:56:42','2017-12-01 22:48:33',''),(7,4,'ADELANTO DIRECTO (20%)','001-1524','2016-04-15','1','La Positiva','1638879',424068.54,424068.54,'2016-04-03','2016-08-10','admin ','2017-10-30 18:56:42','2017-12-01 22:48:41',''),(8,4,'Primera renovación','',NULL,'1','La Positiva','1638879-1',0.00,314660.00,'2016-08-10','2016-11-07','admin ','2017-10-30 18:56:42','2017-12-01 22:48:48',''),(9,4,'Segunda renovación','',NULL,'1','La Positiva','1638879-2',0.00,43500.00,'2016-11-07','2017-02-04','admin ','2017-10-30 18:56:42','2017-12-01 22:48:56',''),(10,4,'ADELANTO MATERIALES (33.76%)','001-1533','2016-05-17','1','BCP','D194-00740203',715767.18,0.00,'2016-05-17','2016-09-14','admin ','2017-10-30 18:56:42','2017-12-01 22:49:05',''),(11,4,'Primera renovación','',NULL,'1','BCP','D194-00740203',0.00,277575.00,'2016-09-09','2016-12-08','admin ','2017-10-30 18:56:42','2017-12-01 22:49:15',''),(12,4,'Adicional N° 01 (CF por el 10% de fiel cumplimiento)','',NULL,'1','La Positiva','1644126',0.00,14322.00,'2017-01-09','2017-05-12','admin ','2017-10-30 18:56:42','2017-12-01 22:49:32',''),(13,5,'GARANTÍA DE FIEL CUMPLIMIENTO',NULL,NULL,'Carta Fianza','La Positiva','1638463-1',192775.52,192776.00,NULL,NULL,'admin ','2017-10-30 18:56:42',NULL,''),(14,5,'GARANTÍA DE FIEL CUMPLIMIENTO',NULL,NULL,'Carta Fianza','La Positiva','1638463-2',192775.52,192776.00,NULL,NULL,'admin ','2017-10-30 18:56:42',NULL,''),(15,5,'GARANTÍA DE FIEL CUMPLIMIENTO',NULL,'2017-06-16','Carta Fianza','La Positiva','1638463-3',192775.52,192776.00,'2017-06-22','2017-10-19','admin ','2017-10-30 18:56:42',NULL,''),(16,5,'ADELANTO DIRECTO (20%)','001-1525','2016-04-15','Carta Fianza','La Positiva','1638880',385551.03,385551.03,NULL,NULL,'admin ','2017-10-30 18:56:42',NULL,''),(17,5,'ADELANTO DIRECTO (20%)',NULL,NULL,'Carta Fianza','La Positiva','1638880-01',NULL,NULL,NULL,NULL,'admin ','2017-10-30 18:56:42',NULL,''),(18,5,'ADELANTO DIRECTO (20%)',NULL,NULL,'Carta Fianza','La Positiva','1638880-02',NULL,NULL,NULL,NULL,'admin ','2017-10-30 18:56:42',NULL,''),(19,5,'ADELANTO DIRECTO (20%)',NULL,NULL,'Carta Fianza','La Positiva','1638880-03',NULL,NULL,NULL,NULL,'admin ','2017-10-30 18:56:42',NULL,''),(20,5,'ADELANTO DIRECTO (20%)','001-1526','2017-06-15','Carta Fianza','La Positiva','1638880-04',NULL,243311.00,'2017-07-03','2017-09-30','admin ','2017-10-30 18:56:42',NULL,''),(21,5,'ADELANTO MATERIALES (38.00%)','001-1615','2016-04-07','Carta Fianza','La Positiva','1647234',732498.11,732500.00,'2017-04-05','2017-07-03','admin ','2017-10-30 18:56:42',NULL,''),(22,5,'ADELANTO MATERIALES (38.00%)','001-1615','2017-06-15','Carta Fianza','La Positiva','1647234-01',732498.11,462260.00,'2017-07-03','2017-09-30','admin ','2017-10-30 18:56:42',NULL,''),(23,6,'Fiel Cumplimiento',NULL,NULL,'Carta Fianza','Secrex Cesce','EO485-00-2016',NULL,117911.05,'2016-04-04','2016-12-28','admin ','2017-10-30 18:56:42',NULL,''),(24,6,'Garantía de Fiel Cumplimiento Total',NULL,NULL,'Carta Fianza','Scotiabank','010548748 000',NULL,117911.05,'2016-12-20','2017-03-20','admin ','2017-10-30 18:56:42',NULL,''),(25,6,'primera renovación',NULL,NULL,'Carta Fianza','Scotiabank','010548748 001',NULL,117911.05,'2017-03-20','2017-05-19','admin ','2017-10-30 18:56:42',NULL,''),(26,6,'segunda renovación',NULL,NULL,'Carta Fianza','Scotiabank','010548748 002',NULL,117911.05,'2017-05-19','2017-08-17','admin ','2017-10-30 18:56:42',NULL,''),(27,6,'tercera renovación',NULL,NULL,'Carta Fianza','Scotiabank','010548748 003',NULL,117911.05,'2017-08-17','2017-11-15','admin ','2017-10-30 18:56:42',NULL,''),(28,6,'ADELANTO DIRECTO (20%)','001-0001','2016-04-19','Carta Fianza','Scotiabank','010548741-000',235822.09,NULL,NULL,NULL,'admin ','2017-10-30 18:56:42',NULL,''),(29,6,'ADELANTO DIRECTO (20%)',NULL,NULL,'Carta Fianza','Scotiabank','010548741-001',NULL,NULL,NULL,NULL,'admin ','2017-10-30 18:56:42',NULL,''),(30,6,'ADELANTO DIRECTO (20%)',NULL,NULL,'Carta Fianza','Scotiabank','010548741-002',NULL,NULL,'2016-12-20','2017-07-14','admin ','2017-10-30 18:56:42',NULL,''),(31,6,'ADELANTO DIRECTO (20%)',NULL,'2017-07-11','Carta Fianza','Scotiabank','010548741-003',NULL,43337.00,'2017-07-14','2017-10-12','admin ','2017-10-30 18:56:42',NULL,''),(32,6,'ADELANTO MATERIALES (30.00%)','001-0006','2016-07-01','Carta Fianza','SECREX CESCE','EO487-00-2016',471644.18,471644.18,'2016-05-09','2016-08-07','admin ','2017-10-30 18:56:42',NULL,''),(33,6,'primera renovación',NULL,NULL,'Carta Fianza',NULL,NULL,NULL,NULL,NULL,NULL,'admin ','2017-10-30 18:56:42',NULL,''),(34,6,'Garantía de Adelanto de materiales',NULL,NULL,'Carta Fianza','Scotiabank','010555924 000',NULL,NULL,'2017-03-16','2017-05-15','admin ','2017-10-30 18:56:42',NULL,''),(35,6,'primera renovación',NULL,NULL,'Carta Fianza','Scotiabank','010555924 001',NULL,102252.20,'2017-05-15','2017-08-13','admin ','2017-10-30 18:56:42',NULL,''),(36,6,'segunda renovación',NULL,'2017-08-21','Carta Fianza','Scotiabank','010555924 002',NULL,102252.20,'2017-08-13','2017-11-11','admin ','2017-10-30 18:56:42',NULL,''),(37,8,'Fiel Cumplimiento ','',NULL,'1','BBVA','0011-0295-9800064433-30',657850.00,657850.00,'2015-10-28','2016-01-26','admin','2017-12-02 03:27:52',NULL,''),(38,8,'Primera renovación','',NULL,'1','BBVA','0011-0295-9800064433-30',657850.00,657850.00,'2016-01-26','2016-04-25','admin','2017-12-02 03:29:19',NULL,''),(39,8,'ADELANTO DIRECTO (20%)','001-000901','2015-11-12','1','SECREX CESCE','E1268-00-2015',131570.00,131570.00,'2015-11-02','2016-01-30','admin','2017-12-02 03:30:53',NULL,''),(40,8,'ADELANTO MATERIALES (30.707%)','001-000956','2016-01-15','1','SECREX CESCE','E1269-00-2015',202005.76,263140.00,'2015-11-02','2016-01-30','admin','2017-12-02 03:32:32',NULL,''),(41,10,'Fiel Cumplimiento ','',NULL,'1','BCP','D390-00053291',629832.51,629832.51,'2016-03-07','2016-11-02','admin','2017-12-02 11:09:25',NULL,''),(42,10,'Primera renovación','',NULL,'1','BCP','D390-00053291',0.00,629832.51,'2016-11-02','2017-04-02','admin','2017-12-02 11:10:47','2017-12-02 11:11:07',''),(43,10,'Segunda renovación','',NULL,'1','BCP','D390-00053291',0.00,629832.51,'2017-03-31','2017-07-29','admin','2017-12-02 11:12:16',NULL,''),(44,10,'Tercera renovación','',NULL,'1','BCP','D390-00053291',0.00,629832.51,'2017-07-29','2017-11-06','admin','2017-12-02 11:17:29',NULL,''),(45,10,'Fiel Cumplimiento Adicional N° 01','',NULL,'1','BCP','D390-00054309',612155.61,612155.61,NULL,'2017-03-06','admin','2017-12-02 11:18:40',NULL,''),(46,10,'Primera renovación','',NULL,'1','BCP','D390-00054309',0.00,61215.56,'2017-03-06','2017-06-04','admin','2017-12-02 11:20:21',NULL,''),(47,10,'Fiel Cumplimiento Adicional N° 02','',NULL,'1','BCP','D390-00056000',316448.50,31644.85,'2017-04-03','2017-07-02','admin','2017-12-02 11:21:32',NULL,''),(48,10,'ADELANTO DIRECTO (20%)','',NULL,'1','BCP','D390-00053374',1259665.02,1259665.02,'2016-03-21','2016-06-19','admin','2017-12-02 11:23:23',NULL,''),(49,10,'Primera renovación','',NULL,'1','BCP','D390-00053374',0.00,1244530.76,'2016-06-19','2016-09-18','admin','2017-12-02 11:24:36',NULL,''),(50,10,'Segunda renovación','',NULL,'1','BCP','D390-00053374',0.00,0.00,'2016-09-18','2016-12-20','admin','2017-12-02 11:25:35',NULL,''),(51,10,'Tercera renovación','',NULL,'1','BCP','D390-00053374',0.00,741875.12,'2016-12-20','2017-04-02','admin','2017-12-02 11:28:21',NULL,''),(52,10,'Cuarta renovación','',NULL,'1','BCP','D390-00053374',0.00,437620.24,'2017-03-31','2017-06-29','admin','2017-12-02 11:30:09',NULL,''),(53,10,'ADELANTO MATERIALES (40%)','',NULL,'1','BCP','D390-00053375',2519330.04,2519330.04,'2016-03-21','2016-06-19','admin','2017-12-02 11:31:09',NULL,''),(54,10,'Primera renovación','',NULL,'1','BCP','D390-00053375',0.00,2484090.31,'2016-06-19','2016-09-18','admin','2017-12-02 11:32:22',NULL,''),(55,10,'Segunda renovación','',NULL,'1','BCP','D390-00053375',0.00,2220365.16,'2016-09-18','2016-12-19','admin','2017-12-02 11:33:12',NULL,''),(56,10,'Tercera renovación','',NULL,'1','BCP','D390-00053375',0.00,1417295.75,'2016-12-20','2017-04-02','admin','2017-12-02 11:34:12',NULL,''),(57,10,'Cuarta renovación','',NULL,'1','BCP','D390-00053375',0.00,925547.69,'2017-04-02','2017-06-29','admin','2017-12-02 11:35:04',NULL,''),(58,12,'Fiel Cumplimiento ','',NULL,'1','SECREX CESCE','E1824-00-2015',3209225.93,320922.59,'2015-12-30','2016-07-26','admin','2017-12-04 02:25:16',NULL,''),(59,12,'Primera renovación','',NULL,'1',' SECREX CESCE','E1824-01-2015',0.00,320922.59,'2016-07-26','2016-10-23','admin','2017-12-04 02:26:13',NULL,''),(60,12,'ADELANTO DIRECTO (20%)','',NULL,'1','SECREX CESCE','EO121-00-2016',641845.19,641845.19,'2016-01-14','2016-04-12','admin','2017-12-04 02:27:47',NULL,''),(61,12,'Primera renovación','',NULL,'1',' SECREX CESCE','EO121-01-2016',0.00,371413.28,'2016-04-12','2016-07-10','admin','2017-12-04 02:28:53',NULL,''),(62,12,'ADELANTO MATERIALES (40%)','',NULL,'1','SECREX CESCE','EO114-00-2016',1283690.37,1283690.37,'2016-02-08','2016-05-07','admin','2017-12-04 02:30:59',NULL,''),(63,12,'primera renovación','',NULL,'1',' SECREX CESCE','EO114-01-2016',0.00,538336.48,'2016-05-07','2016-08-04','admin','2017-12-04 02:31:42',NULL,''),(64,12,'Segunda renovación','',NULL,'1','SECREX CESCE','EO114-02-2016',0.00,122934.20,'2016-08-04','2016-10-07','admin','2017-12-04 02:33:44',NULL,''),(65,13,'Fiel Cumplimiento ','',NULL,'1','Bambif','4410059440.00',0.00,224319.91,'2015-10-16','2016-02-13','admin','2017-12-04 10:04:24',NULL,''),(66,13,'Primera renovación','',NULL,'1','Banbif','4410059440.01',0.00,224319.91,'2016-02-13','2016-05-13','admin','2017-12-04 10:05:08',NULL,''),(67,15,'Primera renovación','',NULL,'1','BBVA','0011-0306-9800116016-81',0.00,321143.67,'2017-05-23','2017-05-23','admin','2017-12-04 10:52:54',NULL,''),(68,15,'Primera renovación','',NULL,'1','La positiva','1751759-01',0.00,642287.33,'2016-05-17','2016-08-14','admin','2017-12-04 10:53:51','2017-12-04 10:54:08',''),(69,15,'Primera renovación','',NULL,'1','La Poisitiva','1751755-01',0.00,1284574.66,'2016-05-07','2016-05-17','admin','2017-12-04 10:54:54',NULL,''),(70,15,'Adicional N° 02 (CF por el 10% de fiel cumplimiento)','',NULL,'1','BBVA','0011-0306-9800123810-88',0.00,45649.30,'2017-06-09','2017-09-07','admin','2017-12-04 10:56:15',NULL,''),(71,17,'Fiel Cumplimiento ','',NULL,'1','BBVA','0011-0295-9800064395-31',0.00,339747.23,'2015-10-09','2016-02-06','admin','2017-12-06 10:42:04',NULL,''),(72,19,'Fiel Cumplimiento ','',NULL,'1','BBVA','0011-0239-9800160526-14',260213.39,261000.00,'2015-11-16','2016-05-25','admin','2017-12-06 11:34:44',NULL,''),(73,19,'ADELANTO DIRECTO (20%)','001-3765','2016-01-21','1','BBVA','0011-0254-9800161727-17',520426.79,520500.00,'2015-12-23','2016-03-23','admin','2017-12-06 11:35:43',NULL,''),(74,19,'Primera renovación','',NULL,'1','BBVA','0011-0239-9800161727-17',0.00,398286.99,'2016-03-23','2016-06-21','admin','2017-12-06 11:36:31',NULL,''),(75,19,'ADELANTO MATERIALES (35.63%)','001-3780','2016-02-25','1','BBVA','0011-0239-9800163002-13',927077.47,1041000.00,'2016-02-02','2016-05-03','admin','2017-12-06 11:37:23',NULL,''),(76,19,'Primera renovación','',NULL,'1','BBVA','0011-0239-9800163002-13',0.00,453567.33,'2016-05-03','2016-07-02','admin','2017-12-06 11:38:04',NULL,''),(77,21,'Fiel Cumplimiento ','',NULL,'1','Banbif','4410059795.00',0.00,248618.59,'2015-11-05','2016-05-03','admin','2017-12-06 12:23:25',NULL,''),(78,21,'ADELANTO DIRECTO (20%)','',NULL,'1','Banbif','4410059967.00',0.00,497237.18,'2015-11-12','2016-02-10','admin','2017-12-06 12:24:03',NULL,''),(79,21,'Primera renovación','',NULL,'1','Banbif','4410059967.01',0.00,307002.00,'2016-02-10','2016-05-10','admin','2017-12-06 12:25:32',NULL,''),(80,21,'ADELANTO MATERIALES (40%)','',NULL,'1','Banbif','4410060272.00',0.00,994474.36,'2015-12-01','2016-02-29','admin','2017-12-06 12:31:39',NULL,''),(81,21,'Primera renovación','',NULL,'1','Banbif','4410060272.01',0.00,737760.00,'2016-02-29','2016-05-29','admin','2017-12-06 12:32:46',NULL,''),(82,23,'Fiel Cumplimiento ','',NULL,'1','BBVA','0011-0254-9800035537-04',422003.17,422004.00,'2015-12-21','2016-06-18','admin','2017-12-20 10:41:38',NULL,''),(83,23,'primera renovación','',NULL,'1','BBVA','0011-0254-9800035537-04',0.00,422004.00,'2016-06-18','2016-09-16','admin','2017-12-20 10:44:05',NULL,''),(84,23,'segunda renovación','',NULL,'1','BBVA','0011-0254-9800035537-04',0.00,422004.00,'2016-09-16','2017-01-16','admin','2017-12-20 10:45:03',NULL,''),(85,23,'tercera renovación','',NULL,'1','BBVA','0011-0254-9800035537-04',0.00,422004.00,'2017-01-16','2017-06-16','admin','2017-12-20 10:46:02',NULL,''),(86,23,'cuarta renovación','',NULL,'1','BBVA','0011-0254-9800035537-04',0.00,422004.00,'2017-06-16','2017-08-15','admin','2017-12-20 10:46:55',NULL,''),(87,23,'ADELANTO DIRECTO (20%)','001-0503','2016-01-05','1','BBVA','0011-0254-9800035642-02',844006.43,844007.00,'2015-12-31','2016-04-29','admin','2017-12-20 10:47:46',NULL,''),(88,23,'primera renovación','',NULL,'1','BBVA','0011-0254-9800035642-02',0.00,133236.00,'2016-04-29','2016-08-27','admin','2017-12-20 11:13:58',NULL,''),(89,23,'Adicional N° 01 (CF por el 10% de fiel cumplimiento)','',NULL,'1','BCP','D570-00249218',572682.91,57268.30,'2016-08-19','2016-11-17','admin','2017-12-20 12:21:21',NULL,''),(90,23,'primera renovación','',NULL,'1','BCP','D570-00249218',0.00,57268.30,'2016-10-17','2017-02-24','admin','2017-12-20 12:22:03',NULL,''),(91,23,'segunda renovación','',NULL,'1','BCP','D570-00249218',0.00,57268.30,'2017-02-24','2017-07-23','admin','2017-12-20 12:22:46',NULL,''),(92,23,'tercera renovación','',NULL,'1','BCP','D570-00249218',0.00,57268.30,'2017-07-23','2017-09-17','admin','2017-12-20 12:23:30',NULL,''),(93,23,'cuarta renovación','',NULL,'1','BCP','D570-00249218',0.00,57268.30,'2017-09-17','2017-11-19','admin','2017-12-20 12:24:12',NULL,''),(94,25,'Fiel Cumplimiento ','',NULL,'1','SECREX CESCE','EO450-00-2016',7902306.32,790230.64,NULL,'2016-10-12','admin','2017-12-21 10:07:00',NULL,''),(95,25,'primera renovación','',NULL,'1','SECREX CESCE','EO450-01-2016',0.00,790230.64,'2016-10-12','2017-01-09','admin','2017-12-21 10:08:15',NULL,''),(96,25,'segunda renovación','',NULL,'1','SECREX CESCE','EO450-02-2016',0.00,790230.64,'2017-01-09','2017-04-08','admin','2017-12-21 10:09:28',NULL,''),(97,25,'tercera renovación','',NULL,'1','SECREX CESCE','EO450-03-2016',0.00,790230.64,'2017-04-08','2017-07-06','admin','2017-12-21 10:10:15',NULL,''),(98,25,'ADELANTO DIRECTO (20%)','001-1754','2016-03-03','1','SECREX CESCE','EO451-00-2016',1580461.26,1580461.27,'2016-03-23','2016-06-20','admin','2017-12-21 10:11:33',NULL,''),(99,25,'primera renovación','',NULL,'1','SECREX CESCE','EO451-02-2016',0.00,1402723.58,'2016-06-20','2016-09-17','admin','2017-12-21 10:15:29',NULL,''),(100,25,'segunda renovación','',NULL,'1','SECREX CESCE','EO451-03-2016',0.00,963963.19,'2016-09-17','2016-12-15','admin','2017-12-21 10:16:23',NULL,''),(101,25,'tercera renovación','',NULL,'1','SECREX CESCE','EO451-04-2016',0.00,0.00,'2016-12-15','2017-03-14','admin','2017-12-21 10:17:03',NULL,''),(102,25,'cuarta renovación','',NULL,'1','SECREX CESCE','EO451-05-2016',0.00,721550.67,'2017-03-14','2017-06-11','admin','2017-12-21 10:17:44',NULL,''),(103,25,'quinta renovación','',NULL,'1','SECREX CESCE','EO451-07-2016',0.00,141602.08,'2017-06-11','2017-09-08','admin','2017-12-21 10:18:48',NULL,''),(104,25,'ADELANTO MATERIALES (37.40%)','001-1767','2016-05-20','1','SECREX CESCE','EO604-00-2016',2955135.80,3160922.52,'2016-05-02','2016-07-30','admin','2017-12-21 10:19:43',NULL,''),(105,25,'primera renovación','',NULL,'1','SECREX CESCE','EO604-01-2016',0.00,3160922.52,'2016-07-30','2016-03-10','admin','2017-12-21 10:20:45',NULL,''),(106,25,'segunda renovación','',NULL,'1','SECREX CESCE','EO604-03-2016',0.00,2996707.20,'2016-10-27','2017-01-24','admin','2017-12-21 10:21:55',NULL,''),(107,25,'tercera renovación','',NULL,'1','SECREX CESCE','EO604-04-2016',0.00,2996707.20,'2017-01-24','2017-04-23','admin','2017-12-21 10:25:06',NULL,''),(108,25,'cuarta renovación','',NULL,'1','SECREX CESCE','EO604-05-2016',0.00,2013594.94,'2017-04-23','2017-07-21','admin','2017-12-21 10:25:45',NULL,''),(109,25,'Adicional N° 01 (CF por el 10% de fiel cumplimiento)','',NULL,'1','SECREX CESCE','EO007-00-2017',1026012.56,102601.26,'2016-12-29','2017-04-27','admin','2017-12-21 10:27:33',NULL,''),(110,25,'primera renovación','',NULL,'1','SECREX CESCE','EO007-01-2017',0.00,102601.26,'2017-04-27','2017-07-25','admin','2017-12-21 10:28:19',NULL,''),(111,25,'Adicional N° 02 (CF por el 10% de fiel cumplimiento)','',NULL,'1','SECREX CESCE','EO348-00-2017',104612.87,10461.28,'2017-03-15','2017-07-12','admin','2017-12-21 10:29:17',NULL,''),(112,27,'ADELANTO DIRECTO (20%)','',NULL,'1','BAMBIF','4410059960',0.00,775200.00,'2016-02-01','2016-05-11','admin','2017-12-21 11:24:01',NULL,''),(113,27,'primera renovación','',NULL,'1','BAMBIF','4410059960',0.00,775200.00,'2016-02-01','2016-05-11','admin','2017-12-21 11:25:03',NULL,''),(114,27,'ADELANTO MATERIALES (40%)','',NULL,'1','BAMBIF','4410060891',0.00,1012884.00,'2016-03-22','2016-06-21','admin','2017-12-21 11:26:17',NULL,''),(115,27,'primera renovación','',NULL,'1','BAMBIF','4410060891',0.00,1012884.00,'2016-03-22','2016-06-21','admin','2017-12-21 11:27:22',NULL,''),(116,29,'Fiel Cumplimiento ','',NULL,'1','BCP','D390-00053286',2642000.00,264200.00,'2016-03-08','2016-12-04','admin','2017-12-21 12:54:52',NULL,''),(117,29,'primera renovación','',NULL,'1','BCP','D390-00053286',0.00,264200.00,'2016-12-04','2017-02-28','admin','2017-12-21 12:55:29',NULL,''),(118,29,'Fiel Cumplimiento del Adicional de Obra N° 01','',NULL,'1','BCP','D390-00054373',95499.20,9549.92,'2016-08-16','2016-11-14','admin','2017-12-21 12:56:13',NULL,''),(119,29,'primera renovación','',NULL,'1','BCP','D390-00054373',0.00,9549.92,'2016-11-14','2017-04-26','admin','2017-12-21 12:57:03',NULL,''),(120,29,'segunda renovación','',NULL,'1','BCP','D390-00054373',0.00,9549.92,'2017-04-26','2017-07-25','admin','2017-12-21 12:57:42',NULL,''),(121,29,'Fiel Cumplimiento del Adicional de Obra N° 02 y Deductivo Vinculante N° 01','',NULL,'1','SCOTIABANK','10542420-000',104644.50,10464.45,'2016-10-19','2017-01-17','admin','2017-12-21 12:58:48',NULL,''),(122,29,'primera renovación','',NULL,'1','SCOTIABANK','10542420-001',0.00,10464.45,'2017-01-17','2017-04-17','admin','2017-12-21 12:59:57',NULL,''),(123,29,'ADELANTO DIRECTO (20%)','',NULL,'1','SCOTIABANK','010522077-000',2642000.00,528400.00,'2016-03-15','2016-06-13','admin','2017-12-21 13:01:33',NULL,''),(124,29,'primera renovación','',NULL,'1','SCOTIABANK','010522077-001',0.00,528400.00,'2016-06-13','2016-09-11','admin','2017-12-21 13:02:20',NULL,''),(125,29,'segunda renovación','',NULL,'1','SCOTIABANK','010522077-002',0.00,528400.00,'2016-09-11','2016-12-10','admin','2017-12-21 13:03:21',NULL,''),(126,29,'ADELANTO MATERIALES (40%)','001-1856','2016-04-15','1','SCOTIABANK','010524696-000',2642000.00,1056800.00,'2016-04-15','2016-07-14','admin','2017-12-21 13:04:40',NULL,''),(127,29,'primera renovación','',NULL,'1','SCOTIABANK','010524696-001',0.00,1056800.00,'2016-07-14','2016-10-12','admin','2017-12-21 13:05:50',NULL,''),(128,29,'segunda renovación','',NULL,'1','SCOTIABANK','010524696-002',0.00,336724.64,'2016-10-12','2017-01-10','admin','2017-12-21 13:06:24',NULL,''),(129,31,'Fiel Cumplimiento ','',NULL,'1','INTERBANK','77006-1',0.00,921633.69,'2015-11-10','2016-07-07','admin','2017-12-25 22:06:55',NULL,''),(130,31,'primera renovación','',NULL,'1','INTERBANK','77006-2',0.00,921633.69,'2016-07-07','2016-08-31','admin','2017-12-25 22:07:32',NULL,''),(131,31,'segunda renovación','',NULL,'1','INTERBANK','77006-3',0.00,951331.06,'2016-08-31','2016-11-29','admin','2017-12-25 22:08:20',NULL,''),(132,31,'tercera renovación','',NULL,'1','INTERBANK','77006-4',0.00,951331.06,'2016-11-29','2017-02-06','admin','2017-12-25 22:09:01',NULL,''),(133,31,'ADELANTO MATERIALES (40%)','',NULL,'1','MAPFRE PERU','7101510102466-000',0.00,3686534.76,'2015-12-21','2016-03-20','admin','2017-12-25 22:09:44',NULL,''),(134,31,'primera renovación','',NULL,'1','MAPFRE PERU','7101510102466-001',0.00,3344736.16,'2016-03-20','2016-06-18','admin','2017-12-25 22:10:22',NULL,''),(135,31,'segunda renovación','',NULL,'1','MAPFRE PERU','7101510102466-002',0.00,2185392.32,'2016-06-18','2016-09-16','admin','2017-12-25 22:11:12',NULL,''),(136,31,'tercera renovación','',NULL,'1','MAPFRE PERU','7101510102466-003',0.00,951092.45,'2016-09-16','2016-12-15','admin','2017-12-25 22:11:45',NULL,''),(137,33,'Fiel Cumplimiento ','',NULL,'1','BBVA','0011-0188-9800010781-07',0.00,202161.00,'2015-12-01','2016-06-30','admin','2017-12-26 01:07:20',NULL,''),(138,33,'primera renovación','',NULL,'1','BBVA','0011-0188-9800010978-09',0.00,202161.00,'2016-07-04','2016-08-31','admin','2017-12-26 01:22:14',NULL,''),(139,33,'ADELANTO DIRECTO (20%)','001-0503','2016-01-05','1','BBVA','0011-0188-9800010862-05',404320.91,404320.91,'2015-12-21','2016-04-15','admin','2017-12-26 01:22:57',NULL,''),(140,33,'ADELANTO MATERIALES (28%)','001-1453','2016-01-15','1','BBVA','0011-0188-9800010870-08',566049.28,566049.28,'2016-01-15','2016-04-30','admin','2017-12-26 01:23:42',NULL,''),(141,35,'Fiel Cumplimiento ','',NULL,'1','Fundación Fondo de Garantía para Préstamos a la Pequeña Industria','08038009-2017/FG/OEP/LAMBAYEQUE',0.00,4227.05,NULL,NULL,'admin','2017-12-27 10:18:54',NULL,'');
/*!40000 ALTER TABLE `garantia` ENABLE KEYS */;
UNLOCK TABLES;

--
-- Table structure for table `incidencia`
--

DROP TABLE IF EXISTS `incidencia`;
/*!40101 SET @saved_cs_client     = @@character_set_client */;
/*!40101 SET character_set_client = utf8 */;
CREATE TABLE `incidencia` (
  `id_incidencia` int(11) NOT NULL AUTO_INCREMENT,
  `id_contrato_proceso_seleccion_item` int(11) DEFAULT NULL,
  `detalle_incidencia` text,
  `motivo` text,
  `asiento_cuaderno_obra` varchar(300) DEFAULT NULL,
  `fecha_evento` date DEFAULT NULL,
  `fecha_asiento` text,
  `acciones` text,
  `documento_emitido` text,
  `sumilla` text,
  `objeto_incidencia` text,
  `usuario` varchar(300) DEFAULT NULL,
  `fecha_registro` datetime DEFAULT NULL,
  `fecha_ultima_modificacion` datetime DEFAULT NULL,
  `activo` bit(1) DEFAULT NULL,
  PRIMARY KEY (`id_incidencia`),
  KEY `fk_incidencias_cpsi_idx` (`id_contrato_proceso_seleccion_item`),
  CONSTRAINT `fk_incidencias_cpsi` FOREIGN KEY (`id_contrato_proceso_seleccion_item`) REFERENCES `contrato_proceso_seleccion_item` (`id_contrato_proceso_seleccion_item`) ON DELETE NO ACTION ON UPDATE NO ACTION
) ENGINE=InnoDB AUTO_INCREMENT=9 DEFAULT CHARSET=utf8;
/*!40101 SET character_set_client = @saved_cs_client */;

--
-- Dumping data for table `incidencia`
--

LOCK TABLES `incidencia` WRITE;
/*!40000 ALTER TABLE `incidencia` DISABLE KEYS */;
INSERT INTO `incidencia` VALUES (1,6,'Consultas de obra de la Supervisión a la Entidad para ser tramitadas al Proyectista.','propuestas de cambio y solicitud de aclaraciones.','Asientos N° 13, 29, 30, 49 y 50.','2016-07-05','A13: 23/05/2016; A29: 07/06/2016; A30: 07/06/2016; A49: 25/06/2016; A50: 25/06/2016;','emisión de informe de la Supervisión','Informe N° 007-2016-ITP/AEDA-EEPR/ADS032-2015-ITP','Consulta del Contratista N° 02; 1) A las Instalaciones Eléctricas: Determinación de la Demanda de carga eléctrica para el proyecto; A la Arquitectura: Se propone cambio de techo de circular a dos aguas, por especificaciones técnicas del fabricante las planchas no pueden ser dobladas al radio de curvatura de 7.00 m indicadas en el expediente técnito del proyecto. Consulta además si se puede cambiar el tipo de material de las ventanas (marco y vidrio).','Respuesta del Proyectista.','admin','2017-10-30 20:00:55','2017-12-01 14:13:15',''),(2,6,'Consultas de obra de la Supervisión a la Entidad para ser tramitadas al Proyectista.','propuestas de cambio y solicitud de aclaraciones.','Asientos N° 79 y 80','2016-07-27','2016-07-27','emisión de informe de la Supervisión','Informe N° 010-2016-ITP/AEDA-EEPR/ADS032-2015-ITP','Consulta del Contratista N° 02; 1) Se consulta la sugerencia de modificar el espesor de la plancha de cobertura acanalada de PVC; qué tipo de cielo raso se aplicará a las zonas 3 y 4; el suminstro e instalación de los tableros TG, TD1, TD2 y TD3, no se detallado el diagrama unificlar del TD4 ni las cargas eléctricas que requiere el futuro equipamiento, Por otro lado el tablero Tg y los alimentadores no están preparados para atender la futura demanda de los equipos; se consulta dónde se aplicará la pintura epóxica. En caso de comunans metálicas ubicadas en los estacionamientos, y detalles faltantes de los porteros metálicos de ingreso vehicular y peatonal.','Respuesta del Proyectista.','admin','2017-10-30 20:00:55',NULL,''),(3,6,'Falta de cumplimiento de la Supervisión al no remitir cronogramas actualizados a la fecha de inicio de la obra','Incumplimiento de Obligaciones Contractuales de la Supervisión de Obra',NULL,'2017-03-21',NULL,'Inicio de un proceso administrativo sancionador.','Informe N° 252-2017-ITP-OGA/ABAST','Se advierte que la Supervisión falseó y ocultó información reespecto a las variaciones que ya se habían ejecutado, correspondiente con ello una aprobación posterior a actos ya realizados en obra, mas no una ampliación de plazo, más aún cuando de acuerdo a lo informado por la Direción de Operaciones las partidas sujetas a Absolución de consulta ya habían sido ejecutadas, constituyéndose dicho acto en una forma de quebrantamiento de los principios de moralidad y presunción de veracidad.  Se recomienda, evaluar la declaración de nulidad de las resoluciones de secretaría general N° 199, 219 y 240 por contravenir con lo estipulado en el numeral 10.1 del Art° 10 de la Ley de Procedimiento Administrativo General - Ley 27444; y resolución del contrato de Supervisión de Obra.','Declaración de nulidad de las resoluciones de secretaría general N° 199, 219 y 240;  además Resolución total del contrato N° 010-2016-ITP/SG/OGA-ABAST, de Supervisión de Obra.','admin','2017-10-30 20:00:55',NULL,''),(4,8,'Solicitud de Adelanto de Materiales','Solicitud de Adelanto de Materiales','',NULL,'','Dejar sin efecto el adelanto de materiales','Informe Técnico N° 030-2015-ITP/DGTTDC/SAPC','','De la revisión de la documentación presentada por el Contratista R&S, se puede advertir que el calendario de adquisición de materiales corresponde a otra obra llamada: \"Instalación de servicios en innovación tecnológica, comercial e institucional para la competitividad de las PYMES en el marco de cadenas de valor agroindustrial, Departamento de La Libertad - Chavimochic. Aparte de ello, dicho calendario no está firmado ni por el Residente de Obra ni por el Representante legal del Contratista, y tampoco corresponde a un Calendario que haya sido aprobado por el Inspector de Obra y por la Entidad.\nDe acuerdo a los antecedentes y análisis del presente informe se sugiere NO OTORGAR el adelanto de materiales solicitados por el contratista a cargo de la Obra.','admin','2017-12-02 03:39:28',NULL,''),(5,8,'Pago de Valorización del mes de enero','Pago de Valorización del mes de enero','','2016-03-23','','Que la Dirección General de Transferencia Tecnológica informe al Area de Abastecimiento para el Pago de Valorización','Informe N° 086-2016-ITP/DGTTDC-LCHB','','Con respecto a lo manifestado, el Contratista ingresó su Valorización el día 09/02/2016 por un monto de S/. 28,992.16, fuera del plazo establecido en el Art. 197 del RLCE.','admin','2017-12-02 03:40:10',NULL,''),(6,13,'Constatación policial de obras paralizadas.\n','Abandono de obra\n','','2016-06-13','','','Copia denuncia pólicial','','','admin','2017-12-04 10:05:49',NULL,''),(7,13,'Constatación policial de obras paralizadas.\n','Intervencion para la paralizacion de la obra \n','','2016-06-14','','','Copia denuncia pólicial','','','admin','2017-12-04 10:06:18',NULL,''),(8,31,'Constatación policial de obras paralizadas, sin personal laborando.\n','Falta de pago al personal obrero.','','2017-04-12','','','Copia denuncia pólicial','','','admin','2017-12-25 22:12:39',NULL,'');
/*!40000 ALTER TABLE `incidencia` ENABLE KEYS */;
UNLOCK TABLES;

--
-- Table structure for table `item_proyecto`
--

DROP TABLE IF EXISTS `item_proyecto`;
/*!40101 SET @saved_cs_client     = @@character_set_client */;
/*!40101 SET character_set_client = utf8 */;
CREATE TABLE `item_proyecto` (
  `id_item_proyecto` int(11) NOT NULL AUTO_INCREMENT,
  `id_proyecto` int(11) DEFAULT NULL,
  `item_descripcion` text,
  `etapa_proyecto` int(11) DEFAULT NULL,
  `estado_proyecto` int(11) DEFAULT NULL,
  `ubicacion` text,
  `presupuesto_expediente_tecnico` decimal(18,2) DEFAULT NULL,
  `valor_referencial` decimal(18,2) DEFAULT NULL,
  `usuario` text,
  `fecha_registro` datetime DEFAULT NULL,
  `fecha_ultima_modificacion` datetime DEFAULT NULL,
  `activo` bit(1) DEFAULT b'1',
  PRIMARY KEY (`id_item_proyecto`)
) ENGINE=InnoDB AUTO_INCREMENT=25 DEFAULT CHARSET=utf8;
/*!40101 SET character_set_client = @saved_cs_client */;

--
-- Dumping data for table `item_proyecto`
--

LOCK TABLES `item_proyecto` WRITE;
/*!40000 ALTER TABLE `item_proyecto` DISABLE KEYS */;
INSERT INTO `item_proyecto` VALUES (1,1,'Item 1: Arequipa',3,1,'MZ. I\', LOTE 4, CALLE 3 - PARQUE INDUSTRIAL DE RÍO SECO I ETAPA\nAREQUIPA - AREQUIPA - CERRO COLORADO.',1179110.46,1179110.46,'admin','2017-11-24 00:00:00','2017-11-30 21:57:42',''),(2,1,'Item 2: Cusco',1,1,'LOTE 01 MANZANA J, PARQUE INDUSTRIAL SEGUNDA ETAPA\nCUSCO - CUSCO - WANCHAQ',1927755.19,1927755.19,'admin','2017-11-27 00:00:00','2017-11-27 09:54:55',''),(3,1,'Item 3: Huancavelica',4,2,'PILPICHACA - HUAYTARA - HUANCAVELICA',1828387.07,1828387.07,'admin','2017-11-27 00:00:00','2017-11-27 09:55:08',''),(4,1,'Item 4: Puno',5,1,'AV. TIQUILLACA 245 LT.3 - CENTRO POBLADO ALTO PUNO YANAMAYO\nPUNO - PUNO - PUNO',2120342.72,2120342.72,'admin','2017-11-27 00:00:00','2017-11-27 09:56:00',''),(5,2,'Item 1: Puno',2,1,'KM 17 CARRETERA PUNO-DESAGÜADERO - UNIDAD PRODUCTORA MUELLE BARCO\nPUNO - PUNO - CHUCUITO',1392276.24,1392276.24,'admin','2017-12-02 02:24:44',NULL,''),(6,3,'Item 1: La Libertad',5,1,'CAMPAMENTO SAN JOSÉ III ETAPA - KM. 513 PANAMERICANA NORTE\nLA LIBERTAD - VIRU - VIRU.',657850.00,657850.00,'admin','2017-12-02 02:36:17',NULL,''),(7,4,'Item 1: San  Martín',5,1,'CARRETERA BELLO HORIZONTE KM. 2.3 - ESTACIÓN EXPERIMENTAL DE AHUASIYACU SAN MARTIN - SAN MARTIN - LA BANDA DE SHILCAYO.',7432023.61,7432023.61,'admin','2017-12-02 10:22:34',NULL,''),(8,5,'Item 1: Callao',5,1,'CARRETERA A VENTANILLA KM 5.2\nP. C. DEL CALLAO - PROV. CONST. DEL CALLAO - CALLAO',3209225.93,3209225.93,'admin','2017-12-04 02:07:18',NULL,''),(9,6,'Item 1: Majes',5,1,'\"LT. 01, MZ. A-3, SECTOR 1, MÓDULO B.\nAREQUIPA - CAYLLOMA - MAJES\"\n',2362505.64,2362505.64,'admin','2017-12-04 09:42:19',NULL,''),(10,7,'Item 1: Ucayali',5,1,'\"CARRETERA FEDERICO BASADRE KM. 5.8\nUCAYALI - CORONEL PORTILLO - CALLERIA\"\n',3276976.18,3276976.18,'admin','2017-12-04 10:15:41',NULL,''),(11,8,'Item 1: Boca Colorado',2,1,'BOCA COLORADO - MADRE DE DIOS - MANU - MADRE DE DIOS\n',1089262.20,1089262.20,'admin','2017-12-04 11:11:06',NULL,''),(12,8,'Item 2: Laberinto',2,1,'LABERINTO - TAMBOPATA - MADRE DE DIOS\n',1182754.62,1182754.62,'admin','2017-12-04 11:11:48','2017-12-04 11:13:00',''),(13,8,'Item 3: Huepetuhe',2,1,'HUEPETUHE - MANU - MADRE DE DIOS\n',810217.09,810217.09,'admin','2017-12-04 11:12:41',NULL,''),(14,9,'Item 1: Ucayali',2,1,'\"CARRETERA FEDERICO BASADRE KM. 5.8\nUCAYALI - CORONEL PORTILLO - CALLERIA\"\n',42584199.45,42584199.45,'admin','2017-12-04 11:22:55',NULL,''),(15,10,'Item 1: Vraem',5,1,'\"AV. BRASIL S/N PICHARI BAJA (EX CECAR) - AGENCIA AGRARIA PICHARI KIMBIRI CUSCO - LA CONVENCION - PICHARI\" ',3397472.25,3397472.25,'admin','2017-12-06 10:13:44',NULL,''),(16,11,'Item 1: Arequipa',5,1,'\"MZ. F, LT. 3, CALLE 3 - PARQUE INDUSTRIAL DE RÍO SECO I ETAPA\nAREQUIPA - AREQUIPA - CERRO COLORADO\".',2602133.94,2602133.94,'admin','2017-12-06 11:12:48',NULL,''),(17,12,'Item 1: Huaura',5,1,'\"CRUCE AV. 28 DE JULIO CON AV. INDEPENDENCIA - HUAURA\nLIMA - HUAURA - SANTA MARIA\"\n',2486185.90,2486185.90,'admin','2017-12-06 12:06:10',NULL,''),(18,13,'Item 1: Trujillo',5,1,'\"CENTRO POBLADO ALTO TRUJILLO, BARRIO 5\'\nLA LIBERTAD - TRUJILLO - EL PORVENIR\".',4442139.13,4442139.13,'admin','2017-12-20 09:31:16',NULL,''),(19,14,'Item 1: Ica',1,1,'CARRETERA PANAMERICANA SUR KM. 293.3\nICA - ICA - ICA',8780340.35,8780340.35,'admin','2017-12-20 12:39:01',NULL,''),(20,15,'Item 1: Loreto',5,1,'\"CARRETERA IQUITOS NAUTA KM 2.5\nLORETO - MAYNAS - SAN JUAN BAUTISTA\"',5736417.85,5736417.85,'admin','2017-12-21 10:56:15',NULL,''),(21,16,'Item 1: Loreto',5,1,'\"CARRETERA IQUITOS NAUTA KM. 4.5\nLORETO - MAYNAS - IQUITOS.',3118194.88,3118194.88,'admin','2017-12-21 12:26:07',NULL,''),(22,17,'Item 1: Madre de Dios',3,1,'CARRETERA INTEROCEÁNICA MADRE DE DIOS - CUSCO, KM. 16.5\nMADRE DE DIOS - TAMBOPATA - TAMBOPATA',9404425.42,9404425.42,'admin','2017-12-21 16:38:08',NULL,''),(23,18,'Item 1: Moquegua',5,1,'CARRETERA COSTANERA SUR KM. 7.6- PAMPA DE PALO\nMOQUEGUA - ILO - ILO',2139264.09,2139264.09,'admin','2017-12-26 00:05:56',NULL,''),(24,19,'Item1 : Ambo',5,1,'\"CARRETERA CENTRAL, ALTURA DEL CENTRO POBLADO DE QUICACÁN\nHUANUCO - AMBO – CONCHAMARCA\"\n',2289578.73,2289578.73,'admin','2017-12-27 09:30:48',NULL,'');
/*!40000 ALTER TABLE `item_proyecto` ENABLE KEYS */;
UNLOCK TABLES;

--
-- Table structure for table `otros_documentos`
--

DROP TABLE IF EXISTS `otros_documentos`;
/*!40101 SET @saved_cs_client     = @@character_set_client */;
/*!40101 SET character_set_client = utf8 */;
CREATE TABLE `otros_documentos` (
  `id_otro_documento` int(11) NOT NULL AUTO_INCREMENT,
  `id_contrato_proceso_seleccion_item` int(11) DEFAULT NULL,
  `informacion_especifica` text,
  `fecha_informe` date DEFAULT NULL,
  `detalle` text,
  `motivo_generado` text,
  `usuario` varchar(300) DEFAULT NULL,
  `fecha_registro` datetime DEFAULT NULL,
  `fecha_ultima_modificacion` datetime DEFAULT NULL,
  `activo` bit(1) DEFAULT b'1',
  PRIMARY KEY (`id_otro_documento`),
  KEY `fk_od_cpsi_idx` (`id_contrato_proceso_seleccion_item`),
  CONSTRAINT `fk_od_cpsi` FOREIGN KEY (`id_contrato_proceso_seleccion_item`) REFERENCES `contrato_proceso_seleccion_item` (`id_contrato_proceso_seleccion_item`) ON DELETE NO ACTION ON UPDATE NO ACTION
) ENGINE=InnoDB AUTO_INCREMENT=29 DEFAULT CHARSET=utf8;
/*!40101 SET character_set_client = @saved_cs_client */;

--
-- Dumping data for table `otros_documentos`
--

LOCK TABLES `otros_documentos` WRITE;
/*!40000 ALTER TABLE `otros_documentos` DISABLE KEYS */;
INSERT INTO `otros_documentos` VALUES (1,4,'INFORME TÉCNICO N° 035-2017-ITP/DO-KCC Liquidación de Contrato de Ejecución de Obra CONSORCIO SANTA ISABEL','2017-06-09','Visto el Informe Técnico N° 035-2017-ITP/DO-KCC de fecha 09.06.2017, el suscrito (Ing. Alberto Pisfil Capuñay - Jefe de la Unidad de Ingeniería y Equipamiento) emite la conformidad del mismo, y dispone su elevación a la Dirección de Operaciones - DO, para su trámite correspondiente','Aprobación de Liquidación de Contrato de Ejecución de Obra.','admin','2017-12-01 16:54:08','2017-12-01 16:55:41',''),(2,4,'INFORME N° 877-2017-ITP-OA/ABAST Opinión - Liquidación de Obra.','2017-06-13','Saldo a favor del Contratista por el monto de S/. 19,455.48. Liquidación final de la obra es de S/. 2\'283,014.67','Conformidad de la Liquidación del Contrato de Obra.','admin','2017-12-01 16:57:07',NULL,''),(3,5,'INFORME N° 012-2017/ITP/JERSM','2017-08-02','Sistema de Utilización de Media Tensión 10.5 Kv.','La Supervisión concluye, que teniendo en cuenta que aun no se han realizado las pruebas de los equipos, y sobre todo no contar con la energía eléctrica que demanda el expediente, y siendo necesario contar con la instalación de media tensión para el proyecto, es procedente contar con este sistema de utilización de media tensión, quedando a la espera de la aprobación de factibilidad por parte de Electro Sur Este','admin','2017-12-02 02:06:28',NULL,''),(4,5,'INFORME TECNICO N° 064-2017-ITP/DO-JANM','2017-08-23','Designación de responsable de elaboración de presupuesto adicional de obra','No procede la elaboración del expediente técnico del presupuesto adicional de obra, por cuanto a la fecha la empresa concesionaria Sur Este S.A.A. no ha emitido la conformidad técnica del proyecto.','admin','2017-12-02 02:07:04',NULL,''),(5,6,'INFORME N° 029-2017-ITE-OA-ABAST','2017-01-13','71036.61','Certificación Presupuestal saldo del Contrato 047.','admin','2017-12-02 02:07:50',NULL,''),(6,6,'INFORME N° 346-2017-ITE-OA-ABAST','2017-04-10','Levantamiento de Observaciones de obra.','Observaciones sanitarias de obra.','admin','2017-12-02 02:08:24',NULL,''),(7,6,'INFORME N° 009-2017-ITP/AEDA-EEPR/ADS 032-2015-ITP','2017-06-21','SOLICITUD DE AMPLIACION DE PLAZO PARCIAL N° 13','Se reitera solución a la absolución de consultas N° 01 presentada el 05.07 y las consultas N° 02 presentadas a la entidad el día 05.08','admin','2017-12-02 02:09:12',NULL,''),(8,6,'INFORME TECNICO N° 107-2017-ITP/DO/EELS','2017-07-06','DENEGACION DE SOLICITUD DE AMPLIACION DE PLAZO N° 13','Se recomienda NO AMPLIAR el plazo por 24 días del servicio de obra y de supervisión de obra','admin','2017-12-02 02:09:48',NULL,''),(9,6,'INFORME TECNICO N° 044-2017-ITP/DO/SAPC','2017-07-17','Solicitud de Informe sobre Ampliación de Plazo N° 13','Declarado Improcedente','admin','2017-12-02 02:10:20',NULL,''),(10,8,'INFORME TECNICO N° 045-2016-ITP/DGTTDC-LCHB','2015-02-17','Solicitud improcedente','De lo expuesto en el análisis, se concluye que la solicitud de Adicional de la Obra presentada por el Contratista, es improcedente debido a que el Contratista no ha seguido el procedimiento correcto para tramitar el Adicional de obra, ya que no adjunta copias de los asientos del cuaderno de obra donde se evidencia la necesidad de tramitar el Adicional N° 1.','admin','2017-12-02 10:09:39',NULL,''),(11,8,'INFORME TECNICO N° 032-2015-ITP/DGTTDC-SAPC','2015-11-30','Devolución de Valorización N° 1.','De acuerdo a los antecedentes y análisis del presente informe, se sugiere a la Entidad No Tramitar la Valorización N° 1 - Noviembre de la Obra, debido a que el Contratista ha omitido los plazos y procedimientos señalados en el Reglamento de la Ley de Contrataciones y sus modificatorias, así como lo señalado en las Bases.','admin','2017-12-02 10:10:28',NULL,''),(12,8,'INFORME TECNICO N° 089-2016-ITP/DGTTDC-LCHB','2016-04-04','Resolución de Contrato de Obra','El Contratista R&S Asociados de la Obra ha alcanzado el monto máximo de la penalidad por mora debido al incumplimiento injustificado en el plazo de ejecución contractual, ante lo cual la Entidad puede resolver el Contrato.\nSe recomienda a la Dirección General de Transferencia Tecnológica derivar con carácter de urgencia, el presente informe a la Secretaría General, Asesoría Jurídica y OGA para que en coordinación, efectúen las acciones que crean convenientes.','admin','2017-12-02 10:10:57',NULL,''),(13,8,'INFORME TECNICO N° 046-2016-ITP/DGTTDC-SAPC','2015-12-21','Cambio de Residente de Obra','Vista la documentación presentada por la Empresa Contratista, mediante la cual el personal reemplazante acredita y reune calificaciones profesionales superiores a las del profesional de la Propuesta Técnica, por lo cual el suscrito recomienda a la Dirección General de Transferencia Tecnológica y Desarrollo para el Consumo DGTTDC gestionar la autorización por parte de la Entidad para la sustitución del Residente de Obra.','admin','2017-12-02 10:12:09',NULL,''),(14,8,'Carta N° 019-2015-/ITP/SG','2015-11-04','Expediente Técnico de la Obra','Se procede a la entrega de una (01) copia completa del Expediente Técnico de la Obra','admin','2017-12-02 10:12:47',NULL,''),(15,8,'INFORME N° 050-2016-ITP/DGTTDC-LCHB','2016-02-22','Penalidades','Se procedió a efectuar el cálculo de las penalidades conforme a lo solicitado por el Memorando N° 589-2016-ITP/SG, a lo cual corresponde un monto de S/.65,785.00, monto equivalente al 10% del monto de la Obra','admin','2017-12-02 10:13:16',NULL,''),(16,8,'INFORME N° 079-2016-ITP/DGTTDC-LCHB','2016-03-18','Valorización N° 04','El porcentaje ejecutado acumulado al mes de febrero de 2016 es de 62.23%, porcentaje que es inferior al programado acumulado de acuerdo al calendario de obra presentado por el Contratista y aprobado por el Supervisor que indica un 100%.\nEl Monto Valorizado correspondiente al mes de febrero de 2016 es de 52,924.94 inc. IGV.\nSe recomienda a la DGTTDC solicitar opinión de la áreas OGAJ y OGA para que se pronuncien respecto a si se debe pagar esta valorización, dado que el plazo del contratista culminó el 11/02/2016 y la obra se encuentra con un porcentaje ejecutado acumulado de 62.23% al 29/02/2016, asimismo, al Contratista se le ha adjudicado penalidades por incumplimiento del Contrato.','admin','2017-12-02 10:13:51',NULL,''),(17,8,'INFORME N° 080-2016-ITP/DGTTDC-LCHB','2016-06-03','Valorización N° 04','La Valorización presentada por el Contratista es improcedente por no seguir el trámite regular ni contar con la aprobación del Ing. Supervisor.\nEl monto valorizado por el Contratista es de S/. 177,381.46, difiere del monto valorizado por la Supervisión que es S/. 54,924.94.\nEl avance acumulado al mes de Febrero del 2016 presentado por el Contratista es del 100%, mientras que el avance acumulado manifestado por el Supervisor es de 62.23%.\nSe recomienda a la Dirección General de Transferencia Tecnológica y Desarrollo para el Consumo - DGTTDC comunicar al Contratista R&S Asociados la no procedencia de la Valorización presentada y adjuntar una copia de la valorización presentada por el Supervisor.','admin','2017-12-02 10:14:17',NULL,''),(18,17,'INFORME TECNICO N° 131-2017-ITP/DO-EBC','2017-08-14','Solicitud arbitral presentada por la empresa JAST S.R.L. Arbitraje presentado por la empresa JAST','La Entidad se ratifica en su desición de los cálculos de la Liquidación de la Obra, los cuales se han realizado en cumplimiento de lo estipulado en la Ley de Contrataciones y Adquisiciones del Estado y su Reglamento y en Decreto Supremo N° 011-79-VC y sus modificatorias del sistema de fórmulas polinómicas de reajuste automático de precios, por lo que corresponde el monto de Liquidación según lo indicado en la Resolución Ejecutiva N° 109-2017-ITP/DE, monto de S/. 106,651.97.','admin','2017-12-06 11:01:05','2017-12-06 11:01:49',''),(19,21,'N°014-2016.ITP/LIQ.OB-KC','2016-08-25','Subsanar las observaciones realizadas en la Liquidación de Obra.','La liquidación de Contrato de Obra debe ser visada por la supervisió. El Contratista sólo presentó el cálculo de la Liquidación. Solicitar el informe técnico por existir menor metrado. El Contratista debe levantar todas las observaciones que determina el Organo de Contro Institucional. ','admin','2017-12-06 12:43:27',NULL,''),(20,21,'INFORME TECNICO N°228-2016.ITP/DO-VECF','2016-08-29','Información complementaria la Informe Final\n','Del replanteo efectuado en obra se tiene que el lado AB del proyecto, frente a la Av. Independencia se ve afectado por lo que se ejecuta con menor metrado.','admin','2017-12-06 12:43:51',NULL,''),(21,29,'Desestimiento de Solicitud de Arbitraje.','2016-11-09','El 08/11/2016 CONSORCIO IQUITOS presentó una solicitud arbitral a través de la cual pretende impugnar la ampliación de plazo por 47 días calendario, durante la ejecución del Contrato.','En aplicación del Art. 52, numeral 3, del Reglamento de Arbitraje, y al haberse otorgado Ampliación de plazo por días que se superponen a los reclamados en la petición de arbitraje de fecha 21/10/2016, dejando sin efecto la petición arbitral.','admin','2017-12-21 16:04:11',NULL,''),(22,31,'INFORME N° 146 - 2017- ITP/OAJ. Resolucion del contrato \n','2017-06-23','incumplumiento de obligaciones\n','Incumpliento de obligaciones en que ha incurrido la empresa PARADIZO SRL, Ejecutor de la obra.\n','admin','2017-12-25 23:47:42',NULL,''),(23,31,'INFORME N° 124 - 2017- ITP/DO/EBC. Nulidad de oficina de comité de recepcion de obra.\n\n','2017-07-25','Nulidad de comité de recepcion de obra.\n','\"La empresa PARADIZO SRL y la empresa supervisora CONSORCIO SUPERVISOR SPHL, solicitó  la conformacion del comité de recepcion de obra, induciendo asi mismo en forma erronea a la entidad activando mecanismo y procedimientos del Art. 210 del reglamento de contratacion del estado, habiendose verificado por parte del comite de recepcion de obra la NO  culminacion de trabajo de obra encontrandose la obra en proceso de ejecucion. \nPor lo expuesto y dado que no es procedente el acto de recepcion de obra se recomienda declarar la NULIDAD de la resolucion ejecutiva N°04 -2017-ITP/DE, dado la informacion falaz del supervisor de obra, respecto a la culminacion de obra y por consiguiente dejar sin efecto el acta de  recepcion de obra.\"\n','admin','2017-12-25 23:48:07',NULL,''),(24,31,'OFICIO N° 069 - 2017- ITP/OAJ. Arbitraje interpuesto por la empresa PARADIZO SRL contra ITP\n\n','2017-06-08','Arbitraje\n','Se solicita la peticion de ARBITRAJE  presentada por la empresa PARADIZO SRL.\n','admin','2017-12-25 23:48:30',NULL,''),(25,33,'Informe N° 022-2016-ITP/DGTTDC-LCHB. Solicitud de cambio de Jefe de Supervisión de Obra.\n\n','2016-01-26','Cambio de Jefe de Supervisión de Obra\n','Al efectuar la revisión del CV presentado por el Ing. Luis Andrés Chávez Ordinola se concluye que NO reune calificaciones profesionales similares o superiores al de la propuesta técnica presentada para la ADS N° 016-2015-ITP.\n','admin','2017-12-26 01:32:43',NULL,''),(26,33,'Informe N° 013-2016-ITP/DO-CMZC. Documentación de Liquidación Final de Obra\n','2016-07-05','Liquidación Final de Obra.','El Contratista ha cumplido con la entrega del Expediente de Liquidación de Obra y los documentos sustentatorios dentro del plazo establecido en el Art. 211 del Reglamento de la Ley de Contrataciones.','admin','2017-12-26 01:33:10',NULL,''),(27,33,'Informe de Visita de Control N° 019-2016-OCI/0069-VC. Informe de Control\n','2016-12-20','Verificar la ejecución de la obra\n','\"Durante la ejecución de visita de control simultaneo, se ha identificado dos casos que han generado riesgos, como es el caso de muros rajados y faltas de juntas asfálticas, en donde se advierte actividades o componentes faltantes para cumplir con los objetivos del proyecto.\nSe sugiere tomar en consideración lo planteado por la Directora CITE Agroindustrial Moquegua, a fin de cumplir con exigencias técnicas de DIGESA para obtener certificación para inicio de operaciones.\"\n','admin','2017-12-26 01:33:35',NULL,''),(28,35,'006-2016-ITP/DGTTDC/MYTL. Penalidades de obra.','2016-01-26','13 días de penalización\n','Ausencia del residente de obra por un lapso de 13 días.\n','admin','2017-12-27 10:34:39',NULL,'');
/*!40000 ALTER TABLE `otros_documentos` ENABLE KEYS */;
UNLOCK TABLES;

--
-- Table structure for table `proceso_seleccion`
--

DROP TABLE IF EXISTS `proceso_seleccion`;
/*!40101 SET @saved_cs_client     = @@character_set_client */;
/*!40101 SET character_set_client = utf8 */;
CREATE TABLE `proceso_seleccion` (
  `id_proceso_seleccion` int(11) NOT NULL AUTO_INCREMENT,
  `id_proyecto` int(11) NOT NULL,
  `proceso_seleccion_pertenencia` varchar(100) DEFAULT NULL COMMENT 'Puede ser: "Obra", "Supervision".',
  `numero_proceso` text,
  `valor_referencial` decimal(18,2) DEFAULT NULL,
  `fecha_valor_referencial` date DEFAULT NULL,
  `plazo_ejecucion` int(11) DEFAULT NULL,
  `modalidad_contratacion` varchar(100) DEFAULT NULL COMMENT 'Puede ser: "Suma alzada","Costos unitarios".',
  `usuario` varchar(300) DEFAULT NULL,
  `fecha_registro` datetime DEFAULT NULL,
  `fecha_ultima_modificacion` datetime DEFAULT NULL,
  `activo` bit(1) DEFAULT b'1',
  PRIMARY KEY (`id_proceso_seleccion`),
  KEY `fk_ps_dp` (`id_proyecto`),
  CONSTRAINT `fk_ps_dp` FOREIGN KEY (`id_proyecto`) REFERENCES `datos_proyecto` (`id_proyecto`) ON DELETE NO ACTION ON UPDATE NO ACTION
) ENGINE=InnoDB AUTO_INCREMENT=38 DEFAULT CHARSET=utf8;
/*!40101 SET character_set_client = @saved_cs_client */;

--
-- Dumping data for table `proceso_seleccion`
--

LOCK TABLES `proceso_seleccion` WRITE;
/*!40000 ALTER TABLE `proceso_seleccion` DISABLE KEYS */;
INSERT INTO `proceso_seleccion` VALUES (1,1,'2','ADS-CLASICO-31-2015-ITP-1',95834.88,NULL,150,'1','admin','2017-10-30 10:26:25','2017-11-19 11:03:53',''),(2,1,'2','ADS-033-2015-ITP (1ra. Convocatoria)',95834.88,NULL,150,'1','admin','2017-10-30 10:26:25','2017-11-15 02:19:41',''),(3,1,'2','ADS-CLASICO-32-2015-ITP-1',75444.48,NULL,150,'1','admin','2017-10-30 10:26:25','2017-11-15 02:20:39',''),(4,1,'3','AMC-007-2016-ITP (Derivada de la LP N° 19-2015-ITP)',7055595.44,'2016-02-12',330,'1','admin','2017-10-30 14:23:07','2017-11-15 02:20:24',''),(5,2,'3','ADP N° 02-2015-ITP',1392276.24,NULL,0,'1','admin','2017-12-02 02:31:38',NULL,''),(6,3,'2','ADS N° 010-2015-ITP',0.00,NULL,20,'1','admin','2017-12-02 02:42:46','2017-12-02 03:13:10',''),(7,3,'3','ADS N° 010-2015-ITP',0.00,NULL,90,'1','admin','2017-12-02 02:49:25','2017-12-02 03:19:27',''),(8,4,'2','ADP N° 005-2015-ITP',0.00,NULL,180,'1','admin','2017-12-02 10:30:09','2017-12-02 10:43:18',''),(9,4,'3','AMC N° 070-2015-ITP (Derivada de la LP N° 18-2015-ITP)',0.00,NULL,150,'1','admin','2017-12-02 10:48:25',NULL,''),(10,5,'2','ADS N° 024- 2015-ITP ',0.00,NULL,180,'1','admin','2017-12-04 02:14:08','2018-01-10 10:33:37',''),(11,5,'3','AMC N° 022-2015-ITP(derivada de la LP N° 011-2015-ITP)',0.00,NULL,150,'1','admin','2017-12-04 02:17:45',NULL,''),(12,6,'3','ADS N° 002-2015-ITP',0.00,NULL,120,'1','admin','2017-12-04 10:00:43',NULL,''),(13,7,'2','ADS N° 025-2015-ITP',130626.00,NULL,180,'1','admin','2017-12-04 10:39:12',NULL,''),(14,7,'3','LP N°013-2015-ITP',3276976.18,NULL,150,'1','admin','2017-12-04 10:41:16',NULL,''),(15,8,'3','AMC N° 50-2015-ITP (Derivado de la LP 7-2015-ITP)',3082233.91,NULL,0,'1','admin','2017-12-04 11:18:43',NULL,''),(16,9,'3','AMC N° 10-2016-ITP (derivada de la LP 21-2015-ITP)',42584199.45,NULL,0,'1','admin','2017-12-04 11:26:35',NULL,''),(17,10,'2','ADS N° 017-2015-ITP',0.00,NULL,105,'1','admin','2017-12-06 10:21:49',NULL,''),(18,10,'3','LP N°001-2015-ITP',0.00,NULL,105,'1','admin','2017-12-06 10:33:00',NULL,''),(19,11,'2','ADS-CLASICO-027-2015-ITP-1',0.00,NULL,150,'1','admin','2017-12-06 11:21:45',NULL,''),(20,11,'3','LP N° 009-2015-ITP ',0.00,NULL,120,'1','admin','2017-12-06 11:26:05',NULL,''),(21,12,'2','ADS N° 021-2015-ITP',0.00,NULL,150,'1','admin','2017-12-06 12:12:26',NULL,''),(22,12,'3','LP N°004-2015-ITP',2486185.90,NULL,120,'1','admin','2017-12-06 12:15:12',NULL,''),(23,13,'2','ADS-CLASICO-20-2015-ITP-1',147957.84,'2015-11-12',150,'1','admin','2017-12-20 09:36:19',NULL,''),(24,13,'3','AMC-027-2015-ITP (Derivada de la LP N° 008-2015-ITP)',0.00,NULL,120,'1','admin','2017-12-20 09:49:26',NULL,''),(25,14,'2','ADP-CLASICO-8-2015-ITP-1',277436.88,NULL,210,'1','admin','2017-12-20 12:44:04',NULL,''),(26,14,'3','LP N° 020-2015-ITP',0.00,NULL,180,'1','admin','2017-12-20 12:56:24',NULL,''),(27,15,'2','ADS N° 013-2015-ITP',0.00,NULL,180,'1','admin','2017-12-21 11:08:51',NULL,''),(28,15,'3','LP N°006-2015-ITP',0.00,NULL,150,'1','admin','2017-12-21 11:13:39',NULL,''),(29,16,'2','ADS N° 026-2015-ITP',0.00,NULL,180,'1','admin','2017-12-21 12:30:33',NULL,''),(30,16,'3','\"AMC N° 045-2015-ITP  (Derivada de la LP N° 012-2015-ITP\"',0.00,NULL,150,'1','admin','2017-12-21 12:43:52',NULL,''),(31,17,'2','ADS N° 003-2015-ITP',0.00,NULL,270,'1','admin','2017-12-21 17:27:52',NULL,''),(32,17,'3','LP N°014-2015-ITP',9404425.42,'2015-08-01',240,'1','admin','2017-12-25 14:41:27',NULL,''),(33,18,'2','ADS Nº 016-2015-ITP',0.00,NULL,150,'1','admin','2017-12-26 00:41:36',NULL,''),(34,18,'3','AMC N° 021-2015-ITP, derivada de la LP Nº 005-ITP',2139264.11,NULL,120,'1','admin','2017-12-26 00:57:30',NULL,''),(35,19,'2','ADS N° 034-2015-ITP',0.00,NULL,150,'1','admin','2017-12-27 09:46:06',NULL,''),(36,19,'3','ADS N° 016-2017-ITP',0.00,NULL,30,'1','admin','2017-12-27 10:06:15',NULL,''),(37,19,'3','LP N°017-2015-ITP',0.00,NULL,120,'1','admin','2017-12-27 10:07:00',NULL,'');
/*!40000 ALTER TABLE `proceso_seleccion` ENABLE KEYS */;
UNLOCK TABLES;

--
-- Table structure for table `proceso_seleccion_item`
--

DROP TABLE IF EXISTS `proceso_seleccion_item`;
/*!40101 SET @saved_cs_client     = @@character_set_client */;
/*!40101 SET character_set_client = utf8 */;
CREATE TABLE `proceso_seleccion_item` (
  `id_proceso_seleccion_item` int(11) NOT NULL AUTO_INCREMENT,
  `id_proceso_seleccion` int(11) NOT NULL,
  `id_item_proyecto` int(11) DEFAULT NULL,
  `item_descripcion` text,
  `valor_referencial` decimal(18,2) DEFAULT NULL,
  `fecha_valor_referencial` date DEFAULT NULL,
  `plazo_ejecucion` int(11) DEFAULT NULL,
  `situacion` varchar(100) DEFAULT NULL COMMENT 'Puede ser: "Adjudicada", "Desierta".',
  `usuario` varchar(300) DEFAULT NULL,
  `fecha_registro` datetime DEFAULT NULL,
  `fecha_ultima_modificacion` datetime DEFAULT NULL,
  `activo` bit(1) DEFAULT b'1',
  PRIMARY KEY (`id_proceso_seleccion_item`),
  KEY `fk_psi_ps_idx` (`id_proceso_seleccion`),
  CONSTRAINT `fk_psi_ps` FOREIGN KEY (`id_proceso_seleccion`) REFERENCES `proceso_seleccion` (`id_proceso_seleccion`) ON DELETE NO ACTION ON UPDATE NO ACTION
) ENGINE=InnoDB AUTO_INCREMENT=40 DEFAULT CHARSET=utf8;
/*!40101 SET character_set_client = @saved_cs_client */;

--
-- Dumping data for table `proceso_seleccion_item`
--

LOCK TABLES `proceso_seleccion_item` WRITE;
/*!40000 ALTER TABLE `proceso_seleccion_item` DISABLE KEYS */;
INSERT INTO `proceso_seleccion_item` VALUES (1,1,NULL,'Item 1 : Puno',95834.88,NULL,150,'1','admin','2017-10-30 10:41:00','2017-11-15 03:02:20',''),(2,2,NULL,'Item 1: Cusco',95834.88,NULL,150,'1','admin','2017-10-30 10:41:00','2017-11-15 02:50:48',''),(3,3,NULL,'Item 1: Arequipa',75444.48,NULL,150,'1','admin','2017-10-30 10:41:00','2017-11-19 11:04:18',''),(4,4,4,'Item 4: Puno',2120342.72,'2016-02-12',120,'1','admin','2017-10-30 14:32:45','2018-01-05 12:17:41',''),(5,4,3,'Item 3: Huancavelica',1828387.07,'2016-02-12',120,'2','admin','2017-10-30 14:32:46','2018-01-05 12:17:46',''),(6,4,2,'Item 2: Cusco',1927755.19,'2016-02-12',120,'1','admin','2017-10-30 14:32:46','2018-01-05 12:17:51',''),(7,4,1,'Item 1: Arequipa',1179110.46,'2016-02-12',120,'1','admin','2017-10-30 14:32:46','2018-01-05 12:17:55',''),(8,6,NULL,'Item 1: La Libertad',0.00,NULL,120,'1','admin','2017-12-02 02:43:41',NULL,''),(9,7,NULL,'Item 1: La Libertad',0.00,NULL,90,'1','admin','2017-12-02 02:51:13',NULL,''),(10,8,NULL,'Item 1: San Martín',0.00,NULL,180,'1','admin','2017-12-02 10:30:49',NULL,''),(11,9,NULL,'Item 1: San Marín',0.00,NULL,150,'1','admin','2017-12-02 10:49:03',NULL,''),(12,10,8,'Item 1: Callao',0.00,NULL,150,'1','admin','2017-12-04 02:14:41','2018-01-05 12:12:00',''),(13,11,8,'Item 1: Callao',0.00,NULL,150,'1','admin','2017-12-04 02:20:39','2018-01-10 10:24:22',''),(14,12,NULL,'Item 1: Majes',0.00,NULL,120,'1','admin','2017-12-04 10:01:15',NULL,''),(15,13,NULL,'Item 1: Ucayali',3276976.18,NULL,150,'1','admin','2017-12-04 10:39:35','2017-12-04 10:41:52',''),(16,14,NULL,'Item 1: Ucayali',3276976.18,NULL,150,'1','admin','2017-12-04 10:42:28',NULL,''),(17,15,NULL,'Proceso en General',3082233.91,NULL,0,'2','admin','2017-12-04 11:19:48',NULL,''),(18,16,NULL,'Item 1: Ucayali',42584199.45,NULL,0,'2','admin','2017-12-04 11:26:53',NULL,''),(19,17,15,'Item 1: Vraem',0.00,NULL,105,'1','admin','2017-12-06 10:22:13','2018-01-05 12:11:36',''),(20,18,NULL,'Item 1: Vraem',0.00,NULL,105,'1','admin','2017-12-06 10:34:30',NULL,''),(21,19,NULL,'Item 1: Arequipa',0.00,NULL,120,'1','admin','2017-12-06 11:22:09','2017-12-06 11:26:47',''),(22,20,NULL,'Item 1: Arequipa',0.00,NULL,120,'1','admin','2017-12-06 11:27:20',NULL,''),(23,21,NULL,'Item 1: Huaura',2486185.90,NULL,120,'1','admin','2017-12-06 12:12:54','2017-12-06 12:15:38',''),(24,22,NULL,'Item 1: Huaura',2486185.90,NULL,120,'1','admin','2017-12-06 12:16:15',NULL,''),(25,23,NULL,'Item 1: Trujillo',0.00,NULL,120,'1','admin','2017-12-20 09:37:59','2017-12-20 09:50:05',''),(26,24,NULL,'Item 1: Trujillo',0.00,NULL,120,'1','admin','2017-12-20 09:50:22',NULL,''),(27,25,NULL,'Item 1: Ica',277436.88,NULL,210,'1','admin','2017-12-20 12:44:34',NULL,''),(28,26,NULL,'Item 1: Ica',0.00,NULL,180,'1','admin','2017-12-20 14:57:48',NULL,''),(29,27,NULL,'Item 1: Loreto',0.00,NULL,150,'1','admin','2017-12-21 11:09:20','2017-12-21 11:14:09',''),(30,28,NULL,'Item 1: Loreto',0.00,NULL,150,'1','admin','2017-12-21 11:14:30',NULL,''),(31,29,NULL,'Item 1: loreto',0.00,NULL,180,'1','admin','2017-12-21 12:30:51',NULL,''),(32,30,NULL,'Item 1: Loreto',0.00,NULL,150,'1','admin','2017-12-21 12:44:22',NULL,''),(33,31,NULL,'Item 1: Madre de Dios',0.00,NULL,270,'1','admin','2017-12-21 17:28:14',NULL,''),(34,32,NULL,'Item 1: Madre de Dios',9404425.42,'2015-08-01',240,'1','admin','2017-12-25 14:42:07',NULL,''),(35,33,NULL,'Item 1: Moquegua',0.00,NULL,50,'1','admin','2017-12-26 00:41:56',NULL,''),(36,34,NULL,'Item 1: Moquegua',2139264.11,NULL,120,'1','admin','2017-12-26 00:58:09',NULL,''),(37,35,NULL,'Item 1: Ambo',0.00,NULL,150,'1','admin','2017-12-27 09:49:56',NULL,''),(38,36,NULL,'Item 1: Ambo',0.00,NULL,30,'1','admin','2017-12-27 10:07:29',NULL,''),(39,37,NULL,'Item 1: Ambo',0.00,NULL,120,'1','admin','2017-12-27 10:10:49',NULL,'');
/*!40000 ALTER TABLE `proceso_seleccion_item` ENABLE KEYS */;
UNLOCK TABLES;

--
-- Table structure for table `resolucion`
--

DROP TABLE IF EXISTS `resolucion`;
/*!40101 SET @saved_cs_client     = @@character_set_client */;
/*!40101 SET character_set_client = utf8 */;
CREATE TABLE `resolucion` (
  `id_resolucion` int(11) NOT NULL AUTO_INCREMENT,
  `id_contrato_proceso_seleccion_item` int(11) DEFAULT NULL,
  `resolucion_conformacion_comite` text,
  `fecha_resolucion` date DEFAULT NULL,
  `miembros` text,
  `motivo_generado` text,
  `usuario` varchar(300) DEFAULT NULL,
  `fecha_registro` datetime DEFAULT NULL,
  `fecha_ultima_modificacion` datetime DEFAULT NULL,
  `activo` bit(1) DEFAULT b'1',
  PRIMARY KEY (`id_resolucion`),
  KEY `fk_resolucion_cpsi_idx` (`id_contrato_proceso_seleccion_item`),
  CONSTRAINT `fk_resolucion_cpsi` FOREIGN KEY (`id_contrato_proceso_seleccion_item`) REFERENCES `contrato_proceso_seleccion_item` (`id_contrato_proceso_seleccion_item`) ON DELETE NO ACTION ON UPDATE NO ACTION
) ENGINE=InnoDB AUTO_INCREMENT=55 DEFAULT CHARSET=utf8;
/*!40101 SET character_set_client = @saved_cs_client */;

--
-- Dumping data for table `resolucion`
--

LOCK TABLES `resolucion` WRITE;
/*!40000 ALTER TABLE `resolucion` DISABLE KEYS */;
INSERT INTO `resolucion` VALUES (1,4,'RESOLUCION EJECUTIVA N° 001-2016-ITP/DE','2017-01-02','Pdt. Ing. Cienta Mabel Zare Carbonel','Conformación del Comité de recepción de Obra. (Pdte +2 miembros + Supervisión)','admin','2017-12-02 01:58:32',NULL,''),(2,8,'RESOLUCION EJECUTIVA N° 111-2016-ITP/DE','2016-06-17','Conformación de Comité de Recepción de Obra','Se designa el Comité de Recepción de Obra, con un presidente, 02 miembros y un jefe de supervisión.','admin','2017-12-02 06:22:00',NULL,''),(3,8,'RESOLUCION DE SECRETARIA GENERAL N° 015-2016-ITP/SG','2016-02-16','Resolución de Contrato Supervisor','Resolver el Contrato N° 034-2015-ITP/SG/OGA-ABAST en forma total, celebrado con el Ing. Rubén Elmer Rosales Contrars para la supervisión de la Obra, por incumplimiento de sus obligaciones contractuales, legales y reglamentarias, sin perjuicio de aplicar las penalidades correspondientes, así como iniciar las acciones legales de indemnización por los mayores daños y perjuicios irrogados al Instituto Tecnológico de la Producción.','admin','2017-12-02 06:22:37',NULL,''),(4,8,'RESOLUCION EJECUTIVA N° 138-2016-ITP/DE','2016-07-20','','Resolver el Contrato N° 020-2015-ITP/SG/OGA-ABAST en forma total, celebrado con la Empresa R&S Asociados SRL, según causal contenida en el numeral 2 del Art. 168 del Reglamento de la Ley de Contrataciones del Estado, de conformidad con la parte considerativa de la presente Resolución.','admin','2017-12-02 06:23:08',NULL,''),(5,8,'RESOLUCION EJECUTIVA N° 133-2015-ITP/DE',NULL,'Sustitución de Residente de Obra','Se aprueba la solicitud de sustitución del Ing. Civil Alfredo León Chicoma (CIP N° 24758), por el Ing. Civil Edwin Catalino Gamarra Barrera (CIP N° 57389), para desempeñar las labores de Residente de Obra.','admin','2017-12-02 06:23:41','2018-01-10 14:06:21',''),(6,10,'RESOLUCION EJECUTIVA N° 053-2017-ITP/DE.','2017-04-04','Prestacion adicional de supervision de obra.','Se aprueba la prestacion adicional de supervison de obra N° 3  por la suma de S/. 50,924.51 sin incluis IGV, suma que representa una insidencia parcial y acumulada del 24.96 % respecto del monto original del contrato.','admin','2017-12-02 12:11:18',NULL,''),(7,10,'RESOLUCION EJECUTIVA N° 052-2017-ITP/DE.','2017-04-05','Prestacion adicional de supervision de obra.','Se aprueba la prestacion adicional de supervison de obra N° 2  por la suma de S/. 30.525.01 sin incluis IGV, suma que representa una insidencia parcial y acumulada del 15 % respecto del monto original del contrato.','admin','2017-12-02 12:14:10',NULL,''),(8,10,'RESOLUCION EJECUTIVA N° 090-2017-ITP/DE','2017-06-22','Comité de recepcion de obra','Se designa el comité de recepcion de obra integrado por un presidente (Arq. Edgard Alvaro Vargas Aguilar) 04 miembros y 01 Jefe de Supervision.','admin','2017-12-02 12:14:40',NULL,''),(9,12,'RESOLUCION EJECUTIVA N° 129-2016-ITP/DE\n','2016-08-07','Comité de recepcion de obra','Se designa el comité de recepcion de obra integrado por 01 presidente (Ing. Santos Alberto Pisfil Capuñay), 02 miembros y un jefe de supervision.','admin','2017-12-04 02:41:26',NULL,''),(10,13,'RESOLUCION EJECUTIVA N° 124-2015-ITP/DE\n','2015-12-10','','Aprueba la solicitud de sustitución del residente de obra.\n','admin','2017-12-04 10:11:43',NULL,''),(11,13,'RESOLUCION EJECUTIVA N° 131-2016-ITP/DE\n','2016-07-12','','Resuelve em forma total el contrato de ejecución de obra sin perjuicio de aplicar las penalidades distinta a la mora, asi como iniciar las acciones legales de indemnizacion por los mayores daños y perjuicios irrogados al ITP.\n','admin','2017-12-04 10:12:03',NULL,''),(12,15,'RESOLUCION EJECUTIVA N° 238-2016-ITP/DE\n',NULL,'','Declara laq nulidad de oficio del acto de conformación del Comité de Recepción de Obra, retrotrayendo el procedimiento de recepción de obra hasta la etapa anterior al inicio del mismo.','admin','2017-12-04 11:01:08',NULL,''),(13,15,'RESOLUCION EJECUTIVA N° 169-2016-ITP/DE\n',NULL,'','Aprueba la conformación del Comité de Recepción de Obra.\n','admin','2017-12-04 11:01:26',NULL,''),(14,15,'RESOLUCION EJECUTIVA N° 120-2017-ITP/DE\n','2017-08-01','Sr. Ever Belisario Becerra Coronado. Sr. José Gálvez Caparó. Srta. Rosario Delgado Granados. Sr. José Leoncio Aguirre Pajuelo. Sr. George Ruiz Arévalo.\n','Designa al Comité de Recepción de Obra.','admin','2017-12-04 11:01:45',NULL,''),(15,15,'RESOLUCION EJECUTIVA N° 078-2017-ITP/DE\n','2017-06-23','','Denegar la solicitud de sustitución de Residente de Obra porque el reemplazante no reúne las calificaciones iguales o superiores en experiencia profesional y académica a las del profesional a sustituir.','admin','2017-12-04 11:02:08',NULL,''),(16,17,'RESOLUCION EJECUTIVA N° 059-2017-ITP/DE','2017-04-20','','Aprobar la liquidacion del Contrato N° 40-2015-ITP/SG/OGA-ABAST, Correspondiente a la Consultoria de Obra: \"Supervision de la Ejecucion de la Obra \" Creacion de Servicios  Tecnologicos para la Cadena Productiva de Cafe y Cacao del sector Agroindustrial en el VRAEM. estableciendo monto de inversion S/. 120.17621 incluido IGV saldo a favor del Supervisor por S/. 26.310.21 incluido IGV, por concepto de extension de servicios de supervision de obra saldo en contra del Supervisor por S/. 25.883.78  incluido IGV por concepto de penalidad costo de elaboración de liquidación y otros, monto a pagar al Supervisor por  S/. 426.94  incluido IGV.','admin','2017-12-06 10:57:06',NULL,''),(17,17,'RESOLUCION EJECUTIVA N° 130-2016-ITP/DE.','2017-07-12','','Se resuelve en forma total el contrato referido a la ejecución de la obra con fecha 19 de julio.','admin','2017-12-06 10:57:33',NULL,''),(18,17,'RESOLUCION SECRETARIA GENERAL N° 096-2017-ITP/SG','2017-05-26','','Aprueba el expediente tecnico del saldo de obra, cuyo presupuesto asiende a S/. 2,492,694.37 incluido IGV y con fecha de valor referencial del presupuesto a marzo del 2017.','admin','2017-12-06 10:58:04',NULL,''),(19,17,'RESOLUCION SECRETARIA GENERAL N° 016-2015-ITP/SG','2015-07-23','','Aprueba el expediente tecnico de obra, cuyo presupuesto asiende a S/. 3,397,472,.25  incluido IGV con un plazo de ejecucion de 105 dias.','admin','2017-12-06 10:58:33',NULL,''),(20,17,'RESOLUCION SECRETARIA GENERAL N° 160-2016-ITP/SG','2016-09-08','','Aprueba el expediente técnico del sistema de utilización en media tensión 22.9 Kv.','admin','2017-12-06 10:59:00',NULL,''),(21,17,'RESOLUCION EJECUTIVA N° 055-2017-ITP/DE',NULL,'','Aprueba la delagacion de diversas facultades en la Secretaria General en la oficina de Administración, en la oficina de RRHH y a los Directores de los CITE.','admin','2017-12-06 10:59:28',NULL,''),(22,19,'RESOLUCION DE SECRETARÍA GENERAL N° 35-2015-ITP/SG\n','2015-08-28','Resolución de Aprobación de Expediente Técnico.','Aprueba expediente técnico del proyecto de inversión pública denominado: “Instalación de Servicios Tecnológicos en la Cadena   Productiva del sector cuero, calzado e industrias   conexas en el distrito de Cerro Colorado, provincia Arequipa, departamento Arequipa”, con un presupuesta ascendente a S/ 2 602 133,94, con precios al mes de julio 2015 y un plazo de ejecución de ciento veinte (120) días calendario.','admin','2017-12-06 11:42:46',NULL,''),(23,19,'RESOLUCION DE SECRETARÍA GENERAL N° 74-2015-ITP/SG.','2015-09-24','Resolución de Aprobación de Expediente de Contratación.','Aprobó expediente de contratación proceso de Licitación Pública        Nº 009-2015-ITP-Procedimiento Especial denominado: “Instalación de Servicios Tecnológicos en la Cadena Productiva del sector cuero, calzado e industrias conexas en el distrito de Cerro Colorado, provincia Arequipa, departamento Arequipa”, por un valor referencial de S/ 2 602 133,94 (Decreto Legislativo Nº 1179 y la Ley de Contrataciones del estado y su Reglamento).','admin','2017-12-06 11:43:15',NULL,''),(24,19,'Resolución Directoral Nº 193-2016-PRODUCE/DVMYPE-I/DIGGAM.','2016-04-07','Declaración de Impacto Ambiental (DIA).',' La Dirección General de Asuntos Ambientales del Ministerio de la Producción, emite la Resolución Directoral Nº 193-2016-PRODUCE/DVMYPE-I/DIGGAM de fecha 07.04.2016, por el que se aprueba la Declaración de Impacto Ambiental (DIA) del Proyecto de Inversión Pública “Instalación de Servicios Tecnológicos en la Cadena Productiva del sector cuero, calzado e industrias conexas en el distrito de Cerro Colorado, provincia Arequipa, departamento Arequipa”.','admin','2017-12-06 11:43:44',NULL,''),(25,19,'RESOLUCION EJECUTIVA N° 89-2016-ITP/DE.','2016-06-07','Designación de Comité de Recepción de Obra.','Se designa el Comité de Recepción de Obra, conformado por 01 presidente, 02 miembros y 01 jefe de supervisión.','admin','2017-12-06 11:44:31',NULL,''),(26,19,'RESOLUCION EJECUTIVA N° 181-2016-ITP/DE.','2016-09-20','Liquidación de Contrato de Obra.','Aprueba Liquidación del Contrato de Obra, determinándose como costo total S/ 2,657,424.77 incluido IGV y un saldo a favor del Contratista de S/ 55,290.84 incluido IGV.','admin','2017-12-06 11:45:01',NULL,''),(27,19,'RESOLUCION EJECUTIVA N° 190-2016-ITP/DE.','2016-09-28','Rectificación de error aritmético.','Se rectifica error aritmético incurrido en la Resolución Ejecutiva N° 181-2016-ITP/DE, debiéndose entender que la Liquidación el costo total de la obra asciende a S/ 2,671,660.80  incluido IGV y un saldo a favor del Contratista de S/ 69,526.87 incluido IGV.','admin','2017-12-06 11:45:32',NULL,''),(28,21,'RESOLUCION EJECUTIVA N° 188-2016-ITP/DE','2016-09-20','','Aprobar la liquidación del contrato, estableciéndose como costo total S7 2,561,680.91 incluido IGV y un saldo a favor del contratista de S/ 75,794.02 incluido IGV, según detalle del Resumen de Liquidación de Obra.','admin','2017-12-06 12:39:48',NULL,''),(29,21,'RESOLUCION EJECUTIVA N° 041-2016-ITP/DE.','2016-03-30','Ing. Santos Alberto Pisfil Capuñay. Ing. Víctor Eduardo Castillo Fernández. Arq. Andrea Yosemi Ocampo Regalado. Ing. César Augusto Tinoco Reynoso.','Designación del Comité de Recepción de la Obra.','admin','2017-12-06 12:40:26',NULL,''),(30,23,'RESOLUCION DE SECRETARÍA GENERAL N° 34-2015-ITP/SG.\n','2015-08-27','Resolución de Aprobación de Expediente Técnico.','Aprobación del Expediente Técnico del Proyecto de Inversión Pública, cuyo presupuesto de obra asciende a la suma de 4´442,139.13.','admin','2017-12-20 12:33:48',NULL,''),(31,23,'RESOLUCION EJECUTIVA N° 002-2016-ITP/DE\n','2016-01-11','Sustitución de Ingeniero Civil\n','Aprobación de solicitud de sustitución del Ing. Civil Walter Amanfredo Cáceres Linares por elIng. Civil José Gabriel Pacheco Morales para desempeñar las labores de residente de obra.\n','admin','2017-12-20 12:34:05',NULL,''),(32,23,'RESOLUCION EJECUTIVA N° 119-2017-ITP/DE\n','2017-07-31','Liquidación de Contrato N° 041-2015-ITP/SG/OGA-ABAST\n','Aprobar la Liquidación de Contrato de Obra N° 041-2015-ITP/SG/OGA-ABAST, con observaciones\n','admin','2017-12-20 12:34:28',NULL,''),(33,23,'RESOLUCION EJECUTIVA N° 05-2017-ITP/DE\n','2017-01-18','Desiganación de Comité de Recepción de Obra\n','Se designa el Comité de Recepción de Obra, conformado por 01 presidente, 03 miembros y 01 jefe de supervisión.\n','admin','2017-12-20 12:34:44',NULL,''),(34,25,'RESOLUCION EJECUTIVA N° 082-2017-ITP/DE.','2017-07-08','','Se aprueba Prestación Adicional de Supervisión de Obra N° 03, por la suma de S/. 715,379.33, que representa una incidencia parcial de 6.16% y acumulada de 14.98%.','admin','2017-12-21 10:39:16',NULL,''),(35,27,'RESOLUCION EJECUTIVA N° 112-2016-ITP/DE.','2016-06-20','Arq. Edgar Alvaro Vargas Aguilar, Ing. Susana Leonor Zavaleta Cueva, Arq. Andrea Yosemi Ocampo Regalado, Ing. José Luis Bendayan Miguel.','Designación del Comité de Recepción de Obra.','admin','2017-12-21 11:34:24',NULL,''),(36,27,'RESOLUCION DE SECRETARIA GENERAL N° 112-2017-ITP/SG\n','2017-06-06','','Aprueba la adquisición de una planta de tratamiento de agua residual como parte de la implementación por un valor referencial de S/ 128,347.42','admin','2017-12-21 11:34:40',NULL,''),(37,29,'Resolución Ejecutiva N° 237-2016-ITP/DE.','2016-12-07','Arq. Edgard Alvaro Vargas Aguilar - Presidente. 03 miembros y 01 Jefe de Supervisión.','Se designa el Comité de Recepción de Obra.','admin','2017-12-21 15:59:25',NULL,''),(38,29,'Resolución Ejecutiva N° 078-2017-ITP/DE.','2017-05-25','','DENEGAR solicitud de sustitución de Residente de Obra.','admin','2017-12-21 15:59:45',NULL,''),(39,29,'Resolución Ejecutiva N° 079-2017-ITP/DE','2017-05-29','','Se APRUEBA la liquidación de Contrato, elaborada por la Dirección de Operaciones, que establece como monto de inversión de la obra 2,918,662.84 sin IGV; y un saldo a favor del Consorcio Iquitos de S/. 76,519.09 sin IGV, según detalle del Resumen de Liquidación de Obra.','admin','2017-12-21 16:00:03',NULL,''),(40,29,'Resolución Ejecutiva N° 206-2016-ITP/DE.','2016-10-31','Prestación Adicional de Supervisión.','Se APRUEBA la Prestación Adicional de Supervisión N° 01 por la suma de S/. 12,636.87, que representa una incidencia parcial y acumulada de 15% respecto del monto original del Contrato.','admin','2017-12-21 16:00:36',NULL,''),(41,31,'RESOLUCION DE SECRETARIA GENERAL N° 67-2015-ITP/SG\n','2015-09-18','','Aprueba el expediente tecnico, cuyo presupuesto de obra, asciende a S/. 940,4425.42, cuyo mecanismo de contratacion es una licitacion publica con precio del mes de agosto de 2015 y un plazo de ejecucion de 240 dias calendario.\n','admin','2017-12-25 22:26:05',NULL,''),(42,31,'RESOLUCION EJECUTIVA N° 128-2015-ITP/DE\n','2015-12-18','','Aprueba la solicitud de cambio del residente de obra.\n','admin','2017-12-25 22:26:18',NULL,''),(43,31,'RESOLUCION EJECUTIVA N° 026-2016-ITP/DE\n','2016-02-24','','Aprueba la solicitud de cambio del jefe de equipo de supervision.\n','admin','2017-12-25 22:26:29',NULL,''),(44,31,'RESOLUCION EJECUTIVA N° 04-2017-ITP/DE\n','2017-01-08','','Designa el comité de recepcion de obra.\n','admin','2017-12-25 22:26:42',NULL,''),(45,31,'RESOLUCION SECRETARIA GENERAL N° 115-2017-ITP/SG\n','2017-06-09','','Resuelve el contrato del servicio de supervision de obra.\n','admin','2017-12-25 22:26:59',NULL,''),(46,31,'RESOLUCION EJECUTIVA N° 141-2017-ITP/DE\n','2017-08-31','','Resuelve em forma total el contrato de ejecución de obra por acumulación máxima de penalidades.','admin','2017-12-25 22:27:15',NULL,''),(47,33,'RESOLUCION EJECUTIVA N° 027-2015-ITP/DE\n','2015-08-14','Resolución de Aprobación de Expediente Técnico\n','\"Se aprueba expediente técnico del proyecto de inversión denominado Instalación de Servicios de Tecnológicos en la cadena Productiva de Valor de la Uva, Palta y Orégano del   Sector Agroindustrial en el distrito de Ilo, Provincia de Ilo, departamento de Moquegua. Con presupuesto de S/ 2,139,264.09, por lo que corresponde a una Licitación Pública, con un plazo de ejecución de 120 días calendario\n','admin','2017-12-26 01:28:40',NULL,''),(48,33,'RESOLUCION EJECUTIVA N° 058-2016-ITP/DE\n','2016-05-16','Designación de Comité de Recepción de Obra\n','Se designa el Comité de Recepción de Obra, conformado por 01 presidente, 02 miembros y 01 jefe de supervisión.\n','admin','2017-12-26 01:28:59',NULL,''),(49,33,'RESOLUCION EJECUTIVA N° 179-2016-ITP/DE\n','2016-09-14','Consentimiento de Liquidación de Contrato de Obra\n','Declara consentida la Liquidación del Contrato de Obra, estableciéndose como costo total de la obra S/ 2,077,496.82 incluido IGV, y un saldo a su favor de S/ 55,892.24, según detalle del resumen de la Liquidación de Obra. La Liquidación queda consentida por el pronunciamiento extemporáneo de la entidad dentro del plazo referido por el Artículo 211º del Reglamento de la Ley de Contrataciones, evidenciándose defectos en su tramitación y consecuente responsabilidad por el riesgo en la determinación del monto final liquidatorio.\nNota; Verificarse seguimiento de determinación de responsabilidades.\n','admin','2017-12-26 01:29:25',NULL,''),(50,35,'RESOLUCION DE SECRETARIA GENERAL N° 053-2016-ITP/SG\n','2017-04-27','','Aprueba el expendiente técnico, Línea de media tensión y sistema de media tensión para uso exclusivo, correspondiente a la obra \"Creación de servicios tecnológicos para las cadenas productivas del café, cacao y frutas del sector agroindustrial en la zona de Santa Lucía, Provincias de Leoncio Prado y Ambo en el Departamento de Húanuco y en la Provincia de OXapampa en el Departamento de Cerro de Pasco\" - sede Ambo., cuyo presupuesto asciende s S/ 43495.43 con precios al 06 de enero de 2017 y un plazo de ejecución de 30 días.\n','admin','2017-12-27 10:28:48',NULL,''),(51,35,'RESOLUCION EJECUTIVA N° 050-2016-ITP/DE\n','2016-04-27','\"Ing. Víctor Eduardo Castillo Fernández.\nArq. Mayra Yusara Tantalean López.\nArq. Flor Noemí Quiñones Torres.\nIng. Bernardo Alanoca Aragón.\"\n','Designación del Comité  de Recepción de la Obra\n','admin','2017-12-27 10:29:12',NULL,''),(52,35,'RESOLUCION EJECUTIVA N° 249-2016-ITP/DE\n','2016-12-30','','Aprueba la liquidación del Contratp 008-2016-ITP/SG/OGA-ABAST. Determinando como monto final del servicio S/ 153,839.50 incluido IGV y un saldo a favor del Supervisor de S/ 61,611.71 incluido IGV\n','admin','2017-12-27 10:29:52',NULL,''),(53,35,'RESOLUCION EJECUTIVA N° 202-2016-ITP/DE\n','2016-10-11','','Observa la liquidación de la Obrapresentada por la empresa R&B SAC que determina saldo a favor de  S/ 45,874.31 incluido IGV; en consecuencia reformándola establecer como saldo a favor del Contratista la suma de S/ 35346.74 incluido IGV\n','admin','2017-12-27 10:30:17',NULL,''),(54,35,'RESOLUCION EJECUTIVA N° 137-2016-ITP/DE\n','2015-12-31','','Aprueba la solicitud de sustitución del Ing Civil Mario Wilmer Huamaní Leandro por el Ing. Civi Enrique Yeren Macedo para desempeñar las labores de residente de obra\n','admin','2017-12-27 10:30:46',NULL,'');
/*!40000 ALTER TABLE `resolucion` ENABLE KEYS */;
UNLOCK TABLES;

--
-- Table structure for table `tipo_usuario`
--

DROP TABLE IF EXISTS `tipo_usuario`;
/*!40101 SET @saved_cs_client     = @@character_set_client */;
/*!40101 SET character_set_client = utf8 */;
CREATE TABLE `tipo_usuario` (
  `id_tipo_usuario` int(11) NOT NULL AUTO_INCREMENT,
  `tipo_usuario` varchar(50) DEFAULT NULL,
  `activo` bit(1) DEFAULT b'1',
  PRIMARY KEY (`id_tipo_usuario`)
) ENGINE=InnoDB AUTO_INCREMENT=4 DEFAULT CHARSET=utf8;
/*!40101 SET character_set_client = @saved_cs_client */;

--
-- Dumping data for table `tipo_usuario`
--

LOCK TABLES `tipo_usuario` WRITE;
/*!40000 ALTER TABLE `tipo_usuario` DISABLE KEYS */;
INSERT INTO `tipo_usuario` VALUES (1,'Administrador',''),(2,'Usuario',''),(3,'Operador','');
/*!40000 ALTER TABLE `tipo_usuario` ENABLE KEYS */;
UNLOCK TABLES;

--
-- Table structure for table `usuario`
--

DROP TABLE IF EXISTS `usuario`;
/*!40101 SET @saved_cs_client     = @@character_set_client */;
/*!40101 SET character_set_client = utf8 */;
CREATE TABLE `usuario` (
  `id_usuario` int(11) NOT NULL AUTO_INCREMENT,
  `nombrecompleto` varchar(200) DEFAULT NULL,
  `usuario` varchar(50) DEFAULT NULL,
  `email` varchar(100) DEFAULT NULL,
  `contrasena` text,
  `id_tipo_usuario` int(11) DEFAULT NULL,
  `activo` bit(1) DEFAULT b'1',
  PRIMARY KEY (`id_usuario`),
  KEY `fk_usuario_tipo_usuario_idx` (`id_tipo_usuario`),
  CONSTRAINT `fk_usuario_tipo_usuario` FOREIGN KEY (`id_tipo_usuario`) REFERENCES `tipo_usuario` (`id_tipo_usuario`) ON DELETE NO ACTION ON UPDATE NO ACTION
) ENGINE=InnoDB AUTO_INCREMENT=5 DEFAULT CHARSET=utf8;
/*!40101 SET character_set_client = @saved_cs_client */;

--
-- Dumping data for table `usuario`
--

LOCK TABLES `usuario` WRITE;
/*!40000 ALTER TABLE `usuario` DISABLE KEYS */;
INSERT INTO `usuario` VALUES (1,'Administrador','admin','administrador@admin.com','Rp+QUFCQs3kZuEOOPo3gJA==',1,''),(2,'usuariotest','usuariotest','usuariotest@gmail.com','Kt1b3PGoMEvv/IJO+eNdYQ625s9LomZi',3,''),(3,'usuario','usuario','usuario@test.com','Fwd3wVZmWvNlys6vrSDmmQ==',2,''),(4,'usuarioadmin','usuarioadmin','usuarioadmin@gmail.com','6iL/HYd9AT6KzBHgiLBECmua1f6lyYY7',3,'');
/*!40000 ALTER TABLE `usuario` ENABLE KEYS */;
UNLOCK TABLES;

--
-- Table structure for table `valorizacion`
--

DROP TABLE IF EXISTS `valorizacion`;
/*!40101 SET @saved_cs_client     = @@character_set_client */;
/*!40101 SET character_set_client = utf8 */;
CREATE TABLE `valorizacion` (
  `id_valorizacion` int(11) NOT NULL AUTO_INCREMENT,
  `id_contrato_proceso_seleccion_item` int(11) DEFAULT NULL,
  `periodo` date DEFAULT NULL,
  `valorizacion_programada` decimal(18,2) DEFAULT NULL,
  `valorizacion_ejecutada` decimal(18,2) DEFAULT NULL,
  `valorizacion_acumulada` decimal(18,2) DEFAULT NULL,
  `porcentaje_valorizado_acumulado` decimal(18,2) DEFAULT NULL,
  `observacion` text,
  `usuario` text,
  `fecha_registro` datetime DEFAULT NULL,
  `fecha_ultima_modificacion` datetime DEFAULT NULL,
  `activo` bit(1) DEFAULT b'1',
  PRIMARY KEY (`id_valorizacion`)
) ENGINE=InnoDB AUTO_INCREMENT=145 DEFAULT CHARSET=utf8;
/*!40101 SET character_set_client = @saved_cs_client */;

--
-- Dumping data for table `valorizacion`
--

LOCK TABLES `valorizacion` WRITE;
/*!40000 ALTER TABLE `valorizacion` DISABLE KEYS */;
INSERT INTO `valorizacion` VALUES (1,4,'2016-05-01',204577.19,280510.34,280510.34,12.40,NULL,'admin','2017-11-30 12:37:34','2017-11-30 15:05:08',''),(2,4,'2016-06-01',764832.76,547061.29,827571.63,36.60,NULL,'admin','2017-11-30 15:07:37',NULL,''),(3,4,'2016-07-01',439326.34,470521.33,1298092.96,57.30,NULL,'admin','2017-11-30 15:09:01',NULL,''),(4,4,'2016-08-01',711606.43,405774.28,1703867.24,75.30,NULL,'admin','2017-11-30 15:10:01',NULL,''),(5,4,'2016-09-01',0.00,199270.14,1903137.38,84.10,NULL,'admin','2017-11-30 15:11:41',NULL,''),(6,4,'2016-10-01',0.00,217205.36,2120342.74,93.70,NULL,'admin','2017-11-30 15:12:37',NULL,''),(7,4,'2016-11-01',31631.44,123205.48,2243548.22,99.10,NULL,'admin','2017-11-30 15:13:06',NULL,''),(8,4,'2016-12-01',111585.03,20010.99,2263559.21,100.00,NULL,'admin','2017-11-30 15:13:39',NULL,''),(9,6,'2016-05-01',111543.85,114491.63,114491.63,11.90,NULL,'admin','2017-12-02 01:52:56','2018-01-15 14:47:37',''),(10,6,'2016-06-01',236647.47,235350.44,349842.07,36.35,NULL,'admin','2017-12-02 01:53:42','2018-01-15 14:47:37',''),(11,6,'2016-07-01',359157.04,267540.17,617382.24,64.15,NULL,'admin','2017-12-02 01:54:13','2018-01-15 14:47:37',''),(12,6,'2016-08-01',355030.16,232520.58,849902.82,88.31,NULL,'admin','2017-12-02 01:55:31','2018-01-15 14:47:37',''),(13,6,'2016-09-01',116731.94,112487.14,962389.96,100.00,NULL,'admin','2017-12-02 01:56:05','2018-01-15 14:47:37',''),(14,8,'2015-11-01',91326.50,0.00,0.00,0.00,NULL,'admin','2017-12-02 03:44:39','2018-01-12 00:44:40',''),(15,8,'2015-12-01',182196.93,152835.59,152835.59,23.23,NULL,'admin','2017-12-02 03:45:15','2018-01-12 00:44:40',''),(16,8,'2016-01-01',290368.25,134062.05,286897.64,43.61,NULL,'admin','2017-12-02 03:47:00','2018-01-12 00:44:40',''),(17,8,'2016-02-01',93958.33,370952.36,657850.00,100.00,NULL,'admin','2017-12-02 03:47:32','2018-01-12 00:44:40',''),(18,10,'2016-04-01',74759.43,65928.96,65928.96,1.00,NULL,'admin','2017-12-02 11:36:42',NULL,''),(19,10,'2016-05-01',7783.46,9742.36,75671.32,1.20,NULL,'admin','2017-12-02 11:37:12',NULL,''),(20,10,'2016-06-01',49204.13,63480.49,139151.81,2.20,NULL,'admin','2017-12-02 11:37:56',NULL,''),(21,10,'2016-07-01',49204.13,120979.19,260131.00,4.10,NULL,'admin','2017-12-02 11:38:27',NULL,''),(22,10,'2016-08-01',49204.13,345311.12,605442.12,9.60,NULL,'admin','2017-12-02 11:39:18',NULL,''),(23,10,'2016-09-01',362398.20,842168.19,1447610.31,23.00,NULL,'admin','2017-12-02 11:39:50',NULL,''),(24,10,'2016-10-01',952116.30,564823.39,2012433.70,32.00,NULL,'admin','2017-12-02 11:40:26',NULL,''),(25,10,'2016-11-01',1901450.88,576516.02,2588949.72,41.10,NULL,'admin','2017-12-02 11:41:48',NULL,''),(26,10,'2016-12-01',1046636.76,535389.63,3124339.35,49.60,NULL,'admin','2017-12-02 11:42:43',NULL,''),(27,10,'2017-01-01',1805567.66,550344.94,3674684.29,58.30,NULL,'admin','2017-12-02 11:44:30','2017-12-02 11:44:49',''),(28,10,'2017-02-01',0.00,435539.65,4110223.94,65.30,NULL,'admin','2017-12-02 11:45:21',NULL,''),(29,10,'2017-03-01',0.00,607289.88,4717513.82,74.90,NULL,'admin','2017-12-02 11:45:56',NULL,''),(30,10,'2017-04-01',0.00,311443.77,5028957.59,79.80,NULL,'admin','2017-12-02 11:46:49',NULL,''),(31,10,'2017-05-01',0.00,388113.76,5417071.35,86.00,NULL,'admin','2017-12-02 11:47:53',NULL,''),(32,10,'2017-06-01',0.00,1778764.70,7195836.05,100.00,NULL,'admin','2017-12-02 11:58:08',NULL,''),(33,12,'2016-01-01',32124.03,32256.78,32256.78,1.01,NULL,'admin','2017-12-04 02:36:11','2018-01-12 00:41:25',''),(34,12,'2016-02-01',167780.13,434381.40,466638.18,14.54,NULL,'admin','2017-12-04 02:36:57','2018-01-12 00:41:25',''),(35,12,'2016-03-01',334015.70,885521.28,1352159.46,42.13,NULL,'admin','2017-12-04 02:37:47','2018-01-12 00:41:25',''),(36,12,'2016-04-01',600277.22,977863.52,2330022.98,72.60,NULL,'admin','2017-12-04 02:38:36','2018-01-12 00:41:25',''),(37,12,'2016-05-01',1090228.10,264531.99,2594554.97,80.85,NULL,'admin','2017-12-04 02:39:38','2018-01-12 00:41:25',''),(38,12,'2016-06-01',984800.75,614670.97,3209225.94,100.00,NULL,'admin','2017-12-04 02:40:13','2018-01-12 00:41:25',''),(39,13,'2015-11-01',0.00,102517.95,102517.95,0.00,NULL,'admin','2017-12-04 10:07:53',NULL,''),(40,13,'2015-12-01',382444.15,269853.10,372371.05,17.05,NULL,'admin','2017-12-04 10:08:23',NULL,''),(41,13,'2016-01-01',448885.44,632582.15,1004953.20,37.06,NULL,'admin','2017-12-04 10:08:52',NULL,''),(42,13,'2016-02-01',288251.09,681483.89,1686437.09,49.91,NULL,'admin','2017-12-04 10:09:24',NULL,''),(43,13,'2016-03-01',119338.19,0.00,1686437.09,55.23,NULL,'admin','2017-12-04 10:10:39',NULL,''),(44,13,'2016-04-01',0.00,0.00,1686437.09,57.86,NULL,'admin','2017-12-04 10:11:03',NULL,''),(45,15,'2016-03-01',291985.73,229246.81,229246.81,7.10,NULL,'admin','2017-12-04 10:58:22',NULL,''),(46,15,'2016-04-01',771855.02,747579.27,976826.08,30.40,NULL,'admin','2017-12-04 10:58:46',NULL,''),(47,15,'2016-05-01',1016571.38,688669.64,1665495.72,51.90,NULL,'admin','2017-12-04 10:59:13',NULL,''),(48,15,'2016-06-01',754856.12,604544.54,2270040.26,70.70,NULL,'admin','2017-12-04 10:59:42',NULL,''),(49,15,'2016-07-01',376168.41,941396.42,3211436.68,100.00,NULL,'admin','2017-12-04 11:00:20',NULL,''),(50,17,'2015-10-01',0.00,0.00,0.00,0.00,NULL,'admin','2017-12-06 10:44:01',NULL,''),(51,17,'2015-11-01',646738.08,923213.52,923213.52,19.21,NULL,'admin','2017-12-06 10:44:30',NULL,''),(52,17,'2015-12-01',734104.06,1182200.03,2105413.55,40.64,NULL,'admin','2017-12-06 10:45:02',NULL,''),(53,17,'2016-01-01',30128.06,765450.55,2105413.55,41.53,NULL,'admin','2017-12-06 10:45:32',NULL,''),(54,17,'2016-02-01',125366.75,526608.15,3397472.25,45.22,NULL,'admin','2017-12-06 10:46:01',NULL,''),(55,17,'2016-03-01',194675.17,0.00,3397472.25,50.95,NULL,'admin','2017-12-06 10:46:36',NULL,''),(56,17,'2016-04-01',42468.40,0.00,3397472.25,52.20,NULL,'admin','2017-12-06 10:47:24',NULL,''),(57,17,'2016-05-01',44506.89,0.00,3397472.25,53.51,NULL,'admin','2017-12-06 10:47:51',NULL,''),(58,17,'2016-06-01',14948.87,0.00,3397472.25,53.95,NULL,'admin','2017-12-06 10:48:55',NULL,''),(59,17,'2016-07-01',0.00,0.00,3397472.25,53.95,NULL,'admin','2017-12-06 10:49:41',NULL,''),(60,17,'2016-12-01',0.00,0.00,3397472.25,53.95,NULL,'admin','2017-12-06 10:50:10',NULL,''),(61,17,'2017-01-01',0.00,0.00,3397472.25,53.95,NULL,'admin','2017-12-06 10:51:35',NULL,''),(62,17,'2017-02-01',0.00,0.00,3397472.25,53.95,NULL,'admin','2017-12-06 10:51:58',NULL,''),(63,17,'2017-03-01',0.00,0.00,3397472.25,53.95,NULL,'admin','2017-12-06 10:52:19',NULL,''),(64,17,'2017-04-01',0.00,0.00,3397472.25,53.95,NULL,'admin','2017-12-06 10:52:53',NULL,''),(65,17,'2017-05-01',0.00,0.00,3397472.25,53.95,NULL,'admin','2017-12-06 10:53:21',NULL,''),(66,17,'2017-06-01',0.00,0.00,3397472.25,53.95,NULL,'admin','2017-12-06 10:53:53',NULL,''),(67,17,'2017-07-01',0.00,-241730.15,3639202.40,46.83,NULL,'admin','2017-12-06 10:54:23',NULL,''),(68,19,'2016-01-01',39019.97,83832.80,83832.80,4.00,NULL,'admin','2017-12-06 11:39:45',NULL,''),(69,19,'2016-02-01',386123.20,433708.66,517541.46,23.00,NULL,'admin','2017-12-06 11:40:12',NULL,''),(70,19,'2016-03-01',496143.19,603099.96,1120641.42,51.00,NULL,'admin','2017-12-06 11:40:47',NULL,''),(71,19,'2016-04-01',816371.14,568323.45,1688964.87,77.00,NULL,'admin','2017-12-06 11:41:18',NULL,''),(72,19,'2016-05-01',467540.75,516233.38,2205198.25,100.00,NULL,'admin','2017-12-06 11:41:56',NULL,''),(73,21,'2015-11-01',214259.01,220123.55,220123.55,8.90,NULL,'admin','2017-12-06 12:34:14',NULL,''),(74,21,'2015-12-01',145175.03,149660.99,369784.54,14.90,NULL,'admin','2017-12-06 12:36:27',NULL,''),(75,21,'2016-01-01',446649.06,460976.29,830760.83,33.40,NULL,'admin','2017-12-06 12:36:54',NULL,''),(76,21,'2016-02-01',666359.66,686709.28,1517470.11,61.00,NULL,'admin','2017-12-06 12:37:27',NULL,''),(77,21,'2016-03-01',634241.04,653192.51,2170662.62,87.30,NULL,'admin','2017-12-06 12:37:54',NULL,''),(78,21,'2016-04-01',379203.09,315224.27,2486185.90,100.00,NULL,'admin','2017-12-06 12:38:21',NULL,''),(79,23,'2016-02-01',127673.86,982559.77,982559.77,27.47,NULL,'admin','2017-12-20 12:25:42',NULL,''),(80,23,'2016-03-01',721339.40,607271.51,1589831.28,44.45,NULL,'admin','2017-12-20 12:26:16',NULL,''),(81,23,'2016-04-01',759248.16,793674.80,2383506.08,66.65,NULL,'admin','2017-12-20 12:27:41',NULL,''),(82,23,'2016-05-01',1112586.45,628234.53,3011740.61,84.21,NULL,'admin','2017-12-20 12:28:11',NULL,''),(83,23,'2016-06-01',855450.59,481418.39,3493159.00,97.65,NULL,'admin','2017-12-20 12:28:49',NULL,''),(84,25,'2016-04-01',1077874.58,753125.80,753125.80,8.60,NULL,'admin','2017-12-21 10:30:24',NULL,''),(85,25,'2016-05-01',728592.64,258258.18,1011383.98,11.50,NULL,'admin','2017-12-21 10:30:50',NULL,''),(86,25,'2016-06-01',1325216.77,414429.41,1425813.39,16.20,NULL,'admin','2017-12-21 10:31:42',NULL,''),(87,25,'2016-07-01',182543.28,837019.60,2262832.99,25.70,NULL,'admin','2017-12-21 10:32:15',NULL,''),(88,25,'2016-08-01',2314585.52,344645.96,2607478.95,29.70,NULL,'admin','2017-12-21 10:32:41',NULL,''),(89,25,'2016-09-01',2273493.53,345555.15,2953034.10,33.60,NULL,'admin','2017-12-21 10:33:14',NULL,''),(90,25,'2016-10-01',0.00,229912.16,3182946.26,36.20,NULL,'admin','2017-12-21 10:33:56',NULL,''),(91,25,'2016-11-01',0.00,62153.85,3245100.11,36.90,NULL,'admin','2017-12-21 10:34:27',NULL,''),(92,25,'2016-12-01',410460.26,627278.60,3872378.71,44.00,NULL,'admin','2017-12-21 10:34:55',NULL,''),(93,25,'2017-01-01',232715.06,211749.35,4084128.06,46.50,NULL,'admin','2017-12-21 10:35:30',NULL,''),(94,25,'2017-02-01',353245.27,279235.73,4363363.79,49.60,NULL,'admin','2017-12-21 10:36:02',NULL,''),(95,25,'2017-03-01',833225.41,246895.90,4610259.69,52.40,NULL,'admin','2017-12-21 10:36:36',NULL,''),(96,25,'2017-04-01',66215.07,290517.73,4900777.42,55.70,NULL,'admin','2017-12-21 10:37:10',NULL,''),(97,25,'2017-05-01',0.00,830568.65,5731346.07,65.20,NULL,'admin','2017-12-21 10:37:39',NULL,''),(98,25,'2017-06-01',0.00,59177.34,5790523.41,65.90,NULL,'admin','2017-12-21 10:38:12',NULL,''),(99,27,'2015-12-01',465232.38,666636.22,666636.22,11.33,NULL,'admin','2017-12-21 11:29:30',NULL,''),(100,27,'2016-01-01',1224998.15,1193785.41,1860421.63,31.62,NULL,'admin','2017-12-21 11:29:56',NULL,''),(101,27,'2016-02-01',1461777.73,1292000.00,3152421.63,53.58,NULL,'admin','2017-12-21 11:30:49',NULL,''),(102,27,'2016-03-01',1503790.23,919921.92,4072343.55,69.21,NULL,'admin','2017-12-21 11:31:33',NULL,''),(103,27,'2016-04-01',1228045.08,1649876.26,5722219.81,97.25,NULL,'admin','2017-12-21 11:31:59',NULL,''),(104,29,'2016-03-01',0.00,0.00,0.00,0.00,NULL,'admin','2017-12-21 15:36:20',NULL,''),(105,29,'2016-04-01',142524.79,172122.00,172122.00,5.90,NULL,'admin','2017-12-21 15:36:47',NULL,''),(106,29,'2016-05-01',298546.09,332135.88,504257.88,17.30,NULL,'admin','2017-12-21 15:37:29',NULL,''),(107,29,'2016-06-01',527449.56,652963.06,1157220.94,39.60,NULL,'admin','2017-12-21 15:38:09',NULL,''),(108,29,'2016-07-01',887744.54,332123.91,1489344.85,51.00,NULL,'admin','2017-12-21 15:39:14','2017-12-21 15:39:50',''),(109,29,'2016-08-01',855764.61,463446.28,1952791.13,66.90,NULL,'admin','2017-12-21 15:40:20',NULL,''),(110,29,'2016-09-01',62726.87,367058.29,2319849.42,79.50,NULL,'admin','2017-12-21 15:40:54',NULL,''),(111,29,'2016-10-01',100732.48,310545.91,2630395.33,90.10,NULL,'admin','2017-12-21 15:41:44','2018-01-10 14:45:34',''),(112,29,'2016-11-01',0.00,140556.43,2770951.76,100.00,NULL,'admin','2017-12-21 15:42:35','2018-01-10 14:45:24',''),(113,31,'2015-12-01',71276.88,283051.01,283051.01,2.98,NULL,'admin','2017-12-25 22:15:57',NULL,''),(114,31,'2016-01-01',112668.67,307886.72,590937.73,6.21,NULL,'admin','2017-12-25 22:16:27',NULL,''),(115,31,'2016-02-01',338335.51,700419.12,1291356.85,13.57,NULL,'admin','2017-12-25 22:17:02',NULL,''),(116,31,'2016-03-01',914662.84,839769.70,2131126.55,22.40,NULL,'admin','2017-12-25 22:17:31',NULL,''),(117,31,'2016-04-01',679110.22,863476.83,2994603.38,31.48,NULL,'admin','2017-12-25 22:18:05',NULL,''),(118,31,'2016-05-01',1913818.39,1041303.73,4035907.11,42.43,NULL,'admin','2017-12-25 22:18:38',NULL,''),(119,31,'2016-06-01',2686925.98,1515985.27,5551892.38,58.36,NULL,'admin','2017-12-25 22:19:11',NULL,''),(120,31,'2016-07-01',1819574.41,652780.39,6204672.77,65.22,NULL,'admin','2017-12-25 22:19:42',NULL,''),(121,31,'2016-08-01',679964.01,220368.14,6425040.91,67.54,NULL,'admin','2017-12-25 22:20:14',NULL,''),(122,31,'2016-09-01',296457.51,82990.20,6508031.49,68.41,NULL,'admin','2017-12-25 22:20:45',NULL,''),(123,31,'2016-10-01',0.00,311414.40,6819445.51,71.69,NULL,'admin','2017-12-25 22:21:17',NULL,''),(124,31,'2016-11-01',0.00,329458.17,7148903.68,75.15,NULL,'admin','2017-12-25 22:22:03',NULL,''),(125,31,'2016-12-01',0.00,968640.11,8117543.79,85.33,NULL,'admin','2017-12-25 22:22:40',NULL,''),(126,33,'2016-01-01',187047.94,140013.63,140013.63,8.17,'','admin','2017-12-26 01:25:31','2018-01-09 23:33:36',''),(127,33,'2016-02-01',443997.53,445747.28,585760.91,34.19,NULL,'admin','2017-12-26 01:26:05',NULL,''),(128,33,'2016-03-01',669244.40,445448.68,1031209.59,60.19,NULL,'admin','2017-12-26 01:26:31',NULL,''),(129,33,'2016-04-01',710424.98,553910.67,1585120.26,92.52,NULL,'admin','2017-12-26 01:27:00',NULL,''),(130,33,'2016-05-01',10889.71,128103.96,1713224.22,100.00,NULL,'admin','2017-12-26 01:27:32',NULL,''),(131,35,'2015-12-01',232074.89,232074.88,232074.88,10.14,NULL,'admin','2017-12-27 10:21:59',NULL,''),(132,35,'2016-01-01',356074.74,356074.72,588149.61,25.70,NULL,'admin','2017-12-27 10:24:16',NULL,''),(133,35,'2016-02-01',552482.46,361591.26,949740.87,41.50,NULL,'admin','2017-12-27 10:25:05',NULL,''),(134,35,'2016-03-01',737442.13,555348.79,1505089.66,65.76,NULL,'admin','2017-12-27 10:26:01',NULL,''),(135,35,'2016-04-01',411495.78,783681.28,2288770.94,100.00,NULL,'admin','2017-12-27 10:26:49',NULL,''),(143,11,'2018-01-01',111543.85,114491.63,114491.63,32.73,'ya no eres nigga','admin','2018-01-12 00:55:07','2018-01-12 01:04:34',''),(144,11,'2018-02-01',236647.47,235350.44,349842.07,100.00,'Recontra Nigga.','admin','2018-01-12 01:04:05','2018-01-12 01:04:34','');
/*!40000 ALTER TABLE `valorizacion` ENABLE KEYS */;
UNLOCK TABLES;

--
-- Dumping events for database 'dirprojectdb'
--

--
-- Dumping routines for database 'dirprojectdb'
--
/*!40103 SET TIME_ZONE=@OLD_TIME_ZONE */;

/*!40101 SET SQL_MODE=@OLD_SQL_MODE */;
/*!40014 SET FOREIGN_KEY_CHECKS=@OLD_FOREIGN_KEY_CHECKS */;
/*!40014 SET UNIQUE_CHECKS=@OLD_UNIQUE_CHECKS */;
/*!40101 SET CHARACTER_SET_CLIENT=@OLD_CHARACTER_SET_CLIENT */;
/*!40101 SET CHARACTER_SET_RESULTS=@OLD_CHARACTER_SET_RESULTS */;
/*!40101 SET COLLATION_CONNECTION=@OLD_COLLATION_CONNECTION */;
/*!40111 SET SQL_NOTES=@OLD_SQL_NOTES */;

-- Dump completed on 2018-01-15 16:41:59
